step,problem_id,pred,label,correct,cumulative_regret
0,0,Karachi,"Karachi, Pakistan",0,1.0000
1,1,Paper,Paper,1,1.0000
2,2,Yes,yes,1,1.0000
3,3,no,yes,0,2.0000
4,4,seasonal television specials,"seasonal television specials, particularly its work in stop motion animation",0,3.0000
5,5,Mr. Church,Mr. Church,1,3.0000
6,6,August,August 2011,0,4.0000
7,7,"Edmonton, Alberta","Edmonton, Alberta",1,4.0000
8,8,Unbreakable,Unbreakable,1,4.0000
9,9,35 people,35 people,1,4.0000
10,10,Hearts,Scottish Premiership club Hearts,0,5.0000
11,11,Nebo Zovyot,Nebo Zovyot,1,5.0000
12,12,Marvel Comics,Marvel,0,6.0000
13,13,New Journalism,the growing literary style called New Journalism,0,7.0000
14,14,The Chelsea Handler Show,Chelsea Does,0,8.0000
15,15,Pedro Rodríguez,Pedro Rodríguez,1,8.0000
16,16,Australia,Australian,0,9.0000
17,17,"Peter, Paul and Mary",Yarrow and Stookey,0,10.0000
18,18,Friends,Friends,1,10.0000
19,19,Wale,Wale,1,10.0000
20,20,The Four Seasons,The Four Seasons,1,10.0000
21,21,Compliance,Compliance,1,10.0000
22,22,Maria von Trapp,Maria von Trapp,1,10.0000
23,23,Figaro,Figaro,1,10.0000
24,24,Yellowcraigs,Yellowcraig,0,11.0000
25,25,PPG Paints Arena,PPG Paints Arena,1,11.0000
26,26,drafting,Conscription,0,12.0000
27,27,Autopia,Autopia,1,12.0000
28,28,gull-wing doors,gull-wing doors,1,12.0000
29,29,Captain John Underhill,Captain John Underhill,1,12.0000
30,30,The Go-Go's,"The Go-Go's,",1,12.0000
31,31,No,no,1,12.0000
32,32,33,33,1,12.0000
33,33,Distaghil Sar,Distaghil Sar,1,12.0000
34,34,"1,462","1,462",1,12.0000
35,35,Papa John's Cardinal Stadium,Mercedes-Benz Superdome,0,13.0000
36,36,Prince George's County,Prince George's County,1,13.0000
37,37,RTN,VH1,0,14.0000
38,38,1866,1866,1,14.0000
39,39,José Echegaray y Eizaguirre,José Echegaray y Eizaguirre,1,14.0000
40,40,Hidden America with Jonah Ray,Hidden America with Jonah Ray,1,14.0000
41,41,North African,North African Arab,0,15.0000
42,42,7°56',7°56',1,15.0000
43,43,Worcester County,Worcester County,1,15.0000
44,44,Rob Bickhart,"""Walk Like an Egyptian""",0,16.0000
45,45,United States ambassador,Chief of Protocol,0,17.0000
46,46,Salma Hayek,Salma Hayek Pinault,0,18.0000
47,47,AMC Theatres,AMC Theatres,1,18.0000
48,48,No,no,1,18.0000
49,49,Dr. Alberto Taquini,Dr. Alberto Taquini,1,18.0000
50,50,Yes,yes,1,18.0000
51,51,Bishop's Stortford,Bishop's Stortford,1,18.0000
52,52,Jeffrey Meldrum,"Don Jeffrey ""Jeff"" Meldrum (born May 24, 1958) is a Professor of Anatomy and Anthropology",0,19.0000
53,53,VNO,"IATA: VNO, ICAO: EYVI",0,20.0000
54,54,Usher,Usher,1,20.0000
55,55,unknown,three million copies worldwide,0,21.0000
56,56,1838,1838,1,21.0000
57,57,author,author,1,21.0000
58,58,William Blake Herron,"musician, editor and composer.",0,22.0000
59,59,Mako,Mako,1,22.0000
60,60,1736,1736,1,22.0000
61,61,Sullivan County,Newport,0,23.0000
62,62,Oxford University,Oxford,0,24.0000
63,63,Training Day,Suicide Squad,0,25.0000
64,64,"Doniphan County, Kansas",the U.S. state of Kansas,0,26.0000
65,65,John Morgan,John Morgan,1,26.0000
66,66,Romeo,Tybalt,0,27.0000
67,67,4.4 mi,2844 km,0,28.0000
68,68,no,no,1,28.0000
69,69,"Graffiti, breakdancing, rapping, hip hop producing, and DJing",Graffiti,0,29.0000
70,70,Quantrill's Raiders,pro-Confederate,0,30.0000
71,71,gay literature,"American educator, writer,",0,31.0000
72,72,Helen Hunt,Helen Elizabeth Hunt,0,32.0000
73,73,Old Dogs,Old Dogs,1,32.0000
74,74,Bergen,Hordaland,0,33.0000
75,75,Big 12 Conference,the Big 12 Conference,1,33.0000
76,76,Big 12 Conference,Big 12,0,34.0000
77,77,Rockstar Games,Rockstar San Diego,0,35.0000
78,78,Syd Barrett,"Gregory John ""Greg"" Puciato",0,36.0000
79,79,New York City,yes,0,37.0000
80,80,No,no,1,37.0000
81,81,Casino,Richmond,0,38.0000
82,82,"26,000","about 26,000.",0,39.0000
83,83,Ian Watkins,Lostprophets disbanded in 2013 after Watkins was charged with sexual offences in late 2012.,0,40.0000
84,84,Augustus,Caligula,0,41.0000
85,85,Thomas Friedman,Thomas Loren Friedman,0,42.0000
86,86,The Drop-In,Comedy Film Nerds,0,43.0000
87,87,John D Rockefeller,John D Rockefeller's Standard Oil Company,0,44.0000
88,88,rapper,"professional wrestler, actor, and hip hop musician",0,45.0000
89,89,Orange County,Orange County,1,45.0000
90,90,"June 11, 1986","June 11, 1986",1,45.0000
91,91,Chicago Bears,the Bears,0,46.0000
92,92,"February 20, 1978","February 20, 1978",1,46.0000
93,93,Queen In-hyun's Man,Queen In-hyun's Man,1,46.0000
94,94,2009,2009,1,46.0000
95,95,University of Maryland University College,"Prince George's County, Maryland",0,47.0000
96,96,Red Dead Redemption,Red Dead Redemption,1,47.0000
97,97,Love Streams,Love Streams,1,47.0000
98,98,Peer,Peer,1,47.0000
99,99,Constantine,Constantine,1,47.0000
100,100,Hacking Democracy,The Memory of Justice,0,48.0000
101,101,St Andrews,"St Andrews, Fife, Scotland",0,49.0000
102,102,Nicktoon Blast,Ghostbusters Spooktacular,0,50.0000
103,103,BC Dzūkija,BC Dzūkija,1,50.0000
104,104,Chicago,Germany,0,51.0000
105,105,Jennifer Aniston,Jennifer Aniston,1,51.0000
106,106,New York City,"New York City, New York",0,52.0000
107,107,Yes,yes,1,52.0000
108,108,Renaissance Technologies,Renaissance Technologies,1,52.0000
109,109,St Kilda,Melbourne,0,53.0000
110,110,1953,1953,1,53.0000
111,111,girls aged 11 to 18,girls aged 11 to 18,1,53.0000
112,112,Henry J. Kaiser,Henry J. Kaiser,1,53.0000
113,113,Denmark,Prince of Denmark,0,54.0000
114,114,Saul Metzstein,"Douglas Eric ""Doug"" Liman",0,55.0000
115,115,Yes,yes,1,55.0000
116,116,Yes,yes,1,55.0000
117,117,Yes,no,0,56.0000
118,118,Sacred Planet,Sacred Planet,1,56.0000
119,119,French,no,0,57.0000
120,120,"Brooklyn, New York","Brooklyn, New York",1,57.0000
121,121,The Chamber,The Chamber,1,57.0000
122,122,NA-16,North American Aviation T-6 Texan,0,58.0000
123,123,Arthur Conan Doyle,Arthur Ignatius Conan Doyle,0,59.0000
124,124,No,no,1,59.0000
125,125,shortest player ever to play in the National Basketball Association,shortest player ever to play in the National Basketball Association,1,59.0000
126,126,Italian English,English-language,0,60.0000
127,127,87,87,1,60.0000
128,128,Battle of Belleau Wood,The Battle of Belleau Wood,1,60.0000
129,129,St James's Palace,Mark Masons' Hall,0,61.0000
130,130,Mondelez International,"Mondelez International, Inc.",0,62.0000
131,131,filmmaker,director,0,63.0000
132,132,Coca-Cola FEMSA,Fomento Económico Mexicano,0,64.0000
133,133,American,American,1,64.0000
134,134,Brodhead Creek,Delaware River,0,65.0000
135,135,Stan,Kramer's caddy Stan,0,66.0000
136,136,Yes,no,0,67.0000
137,137,"37,776","37,776",1,67.0000
138,138,Nusretiye Mosque,Nusretiye Mosque,1,67.0000
139,139,Football League Championship,Championship,0,68.0000
140,140,October,February,0,69.0000
141,141,East Lancashire Railway,East Lancashire Railway,1,69.0000
142,142,mountain ranges,mountain ranges,1,69.0000
143,143,2002,"(foaled February 1, 1999)",0,70.0000
144,144,The Secret World,massively multiplayer online role-playing video game,0,71.0000
145,145,50 best cities to live in.,50 best cities to live in,1,71.0000
146,146,Saoirse Ronan,Saoirse Ronan,1,71.0000
147,147,jam band sound,extensive use of segues,0,72.0000
148,148,Hong Kong,Hong Kong,1,72.0000
149,149,Yes,yes,1,72.0000
150,150,Lewis lamp,Argand lamp,0,73.0000
151,151,15,15,1,73.0000
152,152,"March 14, 2000",2000,0,74.0000
153,153,1952,1952,1,74.0000
154,154,20 October 1980,20 October 1980,1,74.0000
155,155,"Indianapolis, Indiana, USA","Indianapolis, Indiana",0,75.0000
156,156,hiphop producer,video game,0,76.0000
157,157,Yes,yes,1,76.0000
158,158,Yes,yes,1,76.0000
159,159,late 12th Century,the late 12th Century,1,76.0000
160,160,King David I,King George IV,0,77.0000
161,161,Jim Cummings,Sonic,0,78.0000
162,162,lemon juice,no,0,79.0000
163,163,Olathe East High School,"located in Olathe, Kansas",0,80.0000
164,164,Tron,Tron,1,80.0000
165,165,Los Angeles,Los Angeles,1,80.0000
166,166,56,32 people,0,81.0000
167,167,three centuries,three centuries,1,81.0000
168,168,executive search,"Executive Search, Board Consulting",0,82.0000
169,169,No,no,1,82.0000
170,170,2000,2000,1,82.0000
171,171,1999,1999,1,82.0000
172,172,WB Television Network,WB Television Network,1,82.0000
173,173,LaLee's Kin: The Legacy of Cotton,LaLee's Kin: The Legacy of Cotton,1,82.0000
174,174,Wildwood,Wildwood,1,82.0000
175,175,Tennis,tennis,1,82.0000
176,176,UFC 50: The War of '04,The War of '04,0,83.0000
177,177,The Agronomist,The Agronomist,1,83.0000
178,178,575 acres (2.08 km²),575 acres (2.08 km²),1,83.0000
179,179,No,no,1,83.0000
180,180,Knowsley United Women,Knowsley United Women,1,83.0000
181,181,Gary Johnson,Gary Earl Johnson,0,84.0000
182,182,Historically important for the defence of the Cathedral Close,defence of the Cathedral,0,85.0000
183,183,"Mark Vella Tomlin was an airline pilot who flew the CASA-212-200 Aviocar for Medavia between 1993 and 2008, when he retired due to health reasons. His nationality is Maltese, and Malta is described as a Southern European",Malta,0,86.0000
184,184,Bay of Fundy,Bay of Fundy,1,86.0000
185,185,Amanda Wyss,"Wesley ""Wes"" Studi",0,87.0000
186,186,German,German,1,87.0000
187,187,Venice,Venice,1,87.0000
188,188,Wolf Alice,Badly Drawn Boy,0,88.0000
189,189,Johnson Press,Johnson Press,1,88.0000
190,190,Carabao Cup,Carabao Cup,1,88.0000
191,191,first and only U.S. born world grand prix champion,American-born,0,89.0000
192,192,Pietro Badoglio,Marshal Pietro Badoglio,0,90.0000
193,193,Donna Ladd,Dave Thomas,0,91.0000
194,194,The Wachowskis,The Wachowskis,1,91.0000
195,195,"Indianapolis, Indiana",Indianapolis,0,92.0000
196,196,1989,1989,1,92.0000
197,197,Aubrey Posen,Aubrey Posen,1,92.0000
198,198,"Preston, Lancashire, UK",Preston,0,93.0000
199,199,The Bad and the Beautiful,Julius Caesar,0,94.0000
200,200,first,first freshman to finish as the runner-up,0,95.0000
201,201,Eucritta melanolimnetes,Eucritta melanolimnetes,1,95.0000
202,202,Baltimore,Baltimore,1,95.0000
203,203,Arrowhead Stadium,Arrowhead Stadium,1,95.0000
204,204,11,third,0,96.0000
205,205,Levi Weeks,Levi Weeks,1,96.0000
206,206,Honda Vigor,Honda Ballade,0,97.0000
207,207,Madrid,the autonomous community of Madrid,0,98.0000
208,208,Mandalay Entertainment,Mandalay Entertainment,1,98.0000
209,209,Season Three,third,0,99.0000
210,210,Two Is Better Than One,Love Drunk,0,100.0000
211,211,Leslie Knope,Leslie Knope,1,100.0000
212,212,Catholic Church in Ireland,The Catholic Church in Ireland,1,100.0000
213,213,1961,1961,1,100.0000
214,214,Punjabi/Pashtun descent,Punjabi/Pashtun,0,101.0000
215,215,Still Kicking: Six Artistic Women of Project Arts & Longevity,Still Kicking: Six Artistic Women of Project Arts & Longevity,1,101.0000
216,216,Fortnightly,fortnightly,1,101.0000
217,217,Belladonna,Belladonna,1,101.0000
218,218,"Before marrying, Louisa Catherine Johnson Adams worked as a teacher.",fashion model,0,102.0000
219,219,1969,1966,0,103.0000
220,220,The Futureheads,The Futureheads,1,103.0000
221,221,Lord's Resistance Movement,United Holy Salvation Army and Uganda Christian Army/Movement,0,104.0000
222,222,Dirty Pretty Things,Dirty Pretty Things,1,104.0000
223,223,Italian sovereignty,sovereignty,0,105.0000
224,224,Pirate's Cove,Pirate's Cove,1,105.0000
225,225,Bayern Munich,Bayern Munich,1,105.0000
226,226,Agent Carter,Agent Carter,1,105.0000
227,227,Dayton Memorial Hall,First Street,0,106.0000
228,228,"Santa Monica, California","Santa Monica, California",1,106.0000
229,229,"John Whiting, Sir Peter Hall",Peter Hall,0,107.0000
230,230,Iceland,Scotland,0,108.0000
231,231,1945 to 1969,from 1986 to 2013,0,109.0000
232,232,Australia,Australian actor and film producer,0,110.0000
233,233,Final Fantasy XII,Final Fantasy XII,1,110.0000
234,234,"Katharine Hepburn, Joan Bennett, Frances Dee","Katharine Hepburn, Joan Bennett, Frances Dee",1,110.0000
235,235,Beijing,Beijing,1,110.0000
236,236,No,no,1,110.0000
237,237,Arthur Russell,Arthur Russell,1,110.0000
238,238,Wes Archer,Wes Archer,1,110.0000
239,239,Ector County,Ector County,1,110.0000
240,240,Herbert Ross,Herbert Ross,1,110.0000
241,241,United Kingdom,the Netherlands,0,111.0000
242,242,Starlite,Starlite,1,111.0000
243,243,Francisco Rafael Arellano Félix,Francisco Rafael Arellano Félix,1,111.0000
244,244,"Recent work on computer analysis of textual style (word use, word and phrase patterns)",linguistic analysis,0,112.0000
245,245,Utne Reader,The New York Enterprise Report,0,113.0000
246,246,World Summit of Nobel Peace Laureates,Organizations could come together to address global issues,0,114.0000
247,247,Teach the Controversy,"""Teach the Controversy"" campaign",0,115.0000
248,248,City of Newcastle,City of Newcastle,1,115.0000
249,249,Waimea Bay,Waimea Bay,1,115.0000
250,250,"Boulder, Colorado",Boulder High School,0,116.0000
251,251,EY,Ernst & Young,0,117.0000
252,252,Eileen Atkins,Dame Eileen June Atkins,0,118.0000
253,253,TX-2 Tape System,8-track,0,119.0000
254,254,Film director,screenwriter,0,120.0000
255,255,Play-by-post role-playing game,play-by-post role-playing game,1,120.0000
256,256,16 girls and 1 boy,nine girls and 10 boys,0,121.0000
257,257,John Waters,John Waters,1,121.0000
258,258,Southaven,"Southaven, Mississippi",0,122.0000
259,259,Mark Neveldine and Brian Taylor,Mark Neveldine and Brian Taylor,1,122.0000
260,260,Esteban Ocon,Esteban Ocon,1,122.0000
261,261,capital of French Indochina,Viet Minh's base,0,123.0000
262,262,Hibbing,Saint Louis County,0,124.0000
263,263,"Orono, Maine",Orono,0,125.0000
264,264,Syracuse University,Syracuse University.,1,125.0000
265,265,Dusty Dvoracek,Dusty Dvoracek,1,125.0000
266,266,"To determine who was older between Andrew Preston and James Taylor, let's follow these steps:

1. Identify the birth years of both individuals:
   - Andrew Preston: Born in 1983 (as mentioned in the paragraph about Isaac M. Taylor)
   - James Taylor: Born in 1948",James Taylor,0,126.0000
267,267,Rome,Rome,1,126.0000
268,268,Adam Levine,Matt Flynn,0,127.0000
269,269,John Schneider,Tim Allen,0,128.0000
270,270,Lisa Raymond,Liezel Huber,0,129.0000
271,271,Talk That Talk,"""Talk That Talk""",1,129.0000
272,272,Mezzanine,Mezzanine,1,129.0000
273,273,Supervisor of the royal works,supervisor of the royal works,1,129.0000
274,274,Saturday Night Live,"""The Wonder Years""",0,130.0000
275,275,Michael Swango,Michael Swango,1,130.0000
276,276,Bolton,Bolton,1,130.0000
277,277,Tumwater,"Tumwater, Washington",0,131.0000
278,278,Tokyo International Airport,Osaka International Airport,0,132.0000
279,279,Myrtus,Eustoma,0,133.0000
280,280,Lone Pine Mall,Twin Pines/Lone Pine Mall,0,134.0000
281,281,Sean,Sean,1,134.0000
282,282,2018 Premier League Darts,2018 Unibet Premier League Darts,0,135.0000
283,283,No,no,1,135.0000
284,284,Apalachee,Apalachee,1,135.0000
285,285,Howard Fast,Howard Melvin Fast,0,136.0000
286,286,"To determine the answer, let's follow these steps:

1. Identify the band associated with the song ""I'd Come for You"":
   - From the paragraph about Nickelback, we learn that ""I'd Come for You"" is a song by Nickelback.

2. Find the formation location of Nickelback:
  ",Hanna,0,137.0000
287,287,Jay Van Andel,Jay Van Andel,1,137.0000
288,288,Oklahoma,"Coahuila, Mexico",0,138.0000
289,289,PBS,aired on PBS stations,0,139.0000
290,290,Lush,Lush Ltd.,0,140.0000
291,291,The Boatniks,"The Boatniks is a 1970 American comedy film starring Robert Morse, Stefanie Powers, Don Ameche and Phil Silvers.",0,141.0000
292,292,The Beatles,The Beatles,1,141.0000
293,293,Keith Bostic,Keith Bostic,1,141.0000
294,294,No,no,1,141.0000
295,295,Country Thuggin,Country Thuggin,1,141.0000
296,296,International Boxing Hall of Fame,International Boxing Hall of Fame,1,141.0000
297,297,Kimmy Schmidt,"Kimberly Couger ""Kimmy"" Schmidt",0,142.0000
298,298,"To determine the year the band was formed whose bassist joined Arvas in 1996, let's follow these steps:

1. Identify the bassist who joined Arvas in 1996:
   - According to the context, Grim joined Arvas in 1996.

2.",1992,0,143.0000
299,299,"The United States presidential election of 2016, held on Tuesday, November 8, 2016.",United States presidential election of 2016,0,144.0000
300,300,Dubai International Cricket Stadium,Dubai International Stadium,0,145.0000
301,301,Theo Walcott,Theo James Walcott,0,146.0000
302,302,"To determine the principal activity of the company that Robert Melville previously worked with, we need to follow these steps:

1. Identify the companies Robert Melville has worked with according to the context.
2. Determine which of these companies is still active today.
3. Find out the current principal activity of that company.

Step","design, development, manufacture",0,147.0000
303,303,Jillian Belk,Jillian Belk,1,147.0000
304,304,"To determine the country of origin that André Holland and ""42"" share, let's follow these steps:

1. Identify the nationality of André Holland:
   - André Holland is described as an American actor in the context.

2. Determine the setting of the movie ""42"":
   - ""42"" is",American,0,148.0000
305,305,"Baa, Baa, Black Sheep","""Baa, Baa, Black Sheep""",1,148.0000
306,306,No,yes,0,149.0000
307,307,Ais,Apalachees,0,150.0000
308,308,Dallas Cowboys,Dallas Cowboys,1,150.0000
309,309,Eric Bana,Eric Banadinović,0,151.0000
310,310,Saxe-Coburg and Gotha,Ernestine,0,152.0000
311,311,"income tax, social security, corporate tax","""personal earnings"" (such as salary and wages), ""business income"" and ""capital gains""",0,153.0000
312,312,French Open,French Open,1,153.0000
313,313,19th century,nineteenth,0,154.0000
314,314,2027 Fairmount Avenue between Corinthian Avenue and North 22nd Street,2027 Fairmount Avenue,0,155.0000
315,315,Nevada,Clark County,0,156.0000
316,316,"To determine which country the Falkland Islands beat in the 2010 Commonwealth Games that has eleven administrative divisions, let's follow these steps:

1. Identify the countries the Falkland Islands defeated in the 2010 Commonwealth Games:
   - According to the context, the Falkland Islands won against Samoa",Samoa,0,157.0000
317,317,Minneapolis,"Golden Valley, Minnesota,",0,158.0000
318,318,Russian Empire,Russian Empire,1,158.0000
319,319,Bonnie Claire,Beatty,0,159.0000
320,320,Thom Andersen,Krzysztof Zanussi,0,160.0000
321,321,Point of Entry,Point of Entry,1,160.0000
322,322,David Dobkin,David Dobkin,1,160.0000
323,323,right-hand,right-hand,1,160.0000
324,324,Mickey Gilley,Mickey Gilley,1,160.0000
325,325,writer,poet,0,161.0000
326,326,White Zombie,Blonde Redhead,0,162.0000
327,327,Mitsubishi Motors,Mitsubishi,0,163.0000
328,328,Gallery,"arose on the ""Playboy"" magazine pattern in the 1970s.",0,164.0000
329,329,5,5,1,164.0000
330,330,Trenton–Mercer Airport,Trenton–Mercer Airport,1,164.0000
331,331,"To determine how long the prime minister who appointed the Kellock-Taschereau Commission served in office, let's follow these steps:

1. Identify the prime minister who appointed the Kellock-Taschereau Commission.
   - From the context, we learn that the Kellock-Taschereau Commission",21 years and 154 days,0,165.0000
332,332,glam metal,Glam metal,1,165.0000
333,333,Kohlberg Kravis Roberts,KKR & Co,0,166.0000
334,334,J. G. Farrell,Farrell,0,167.0000
335,335,Blake Shelton,Blake Shelton,1,167.0000
336,336,The Astrodome was considered a marvel of engineering and architecture upon its completion in 1965.,comparable to the seven Wonders of the World,0,168.0000
337,337,"To determine the nickname of the hitman hired by an Italian American Criminal Organization, let's follow these steps:

1. Identify the relevant information about the Italian American Criminal Organization mentioned in the context.
2. Look for details about a hitman associated with this organization.
3. Find any nicknames associated with this hitman",The Crowned Prince of the Philadelphia Mob,0,169.0000
338,338,"Gardnerville, Nevada",Gardnerville,0,170.0000
339,339,Debbie Harry,Debbie Harry,1,170.0000
340,340,Oryzomyini,Oryzomyini,1,170.0000
341,341,people working in film and the performing arts,people working in film and the performing arts,1,170.0000
342,342,Istanbul,"Istanbul, Turkey",0,171.0000
343,343,four months in jail,four months in jail,1,171.0000
344,344,Teriade,Teriade,1,171.0000
345,345,Ephedrine,Ephedrine,1,171.0000
346,346,Holston River Valley,Holston River,0,172.0000
347,347,1926,1926,1,172.0000
348,348,Jamaica,Ghana,0,173.0000
349,349,is an Athenian tragedy by Sophocles,Oedipus Rex,0,174.0000
350,350,No,no,1,174.0000
351,351,Israeli Ambassador to the United States,Israeli Ambassador,0,175.0000
352,352,Craig v. Boren,Craig v. Boren,1,175.0000
353,353,Kansas Song (We're From Kansas),Kansas Song,0,176.0000
354,354,Logan International Airport,Logan International Airport,1,176.0000
355,355,Poleconomy,Hey Pa! There's a Goat on the Roof,0,177.0000
356,356,China,China,1,177.0000
357,357,No,yes,0,178.0000
358,358,Bedknobs and Broomsticks,Bedknobs and Broomsticks,1,178.0000
359,359,Currer Bell,"""Currer Bell""",1,178.0000
360,360,Mick Jackson,James Burke,0,179.0000
361,361,Charles Reed Bishop,Charles Reed Bishop,1,179.0000
362,362,The Korean War,The Western Allied invasion of Germany,0,180.0000
363,363,Red River and Assiniboine River,Red and Assiniboine Rivers,0,181.0000
364,364,Scotland,Scotland,1,181.0000
365,365,Wendell Berry,Wendell Berry,1,181.0000
366,366,number five,number five,1,181.0000
367,367,United States,American,0,182.0000
368,368,Paige O'Hara,Donna Paige Helmintoller,0,183.0000
369,369,The River Welland,65 mi,0,184.0000
370,370,Cocktails,cocktails,1,184.0000
371,371,Manon by Massenet,Parsifal,0,185.0000
372,372,23 November 1946,23 November 1946,1,185.0000
373,373,"Journalist, editor and playwright",Philosophy professor,0,186.0000
374,374,Geelong Football Club,Geelong Football Club,1,186.0000
375,375,Weezer,The Blue Album,0,187.0000
376,376,"728,000 ft² (67,000 m²)","728,000 ft²",0,188.0000
377,377,Folkets Hus,Folkets,0,189.0000
378,378,"48,982","48,982",1,189.0000
379,379,model for one of the characters,technical director,0,190.0000
380,380,"September 8, 2017","September 8, 2017",1,190.0000
381,381,Rowan Blanchard,Rowan Blanchard,1,190.0000
382,382,Not specified,250 million,0,191.0000
383,383,No,no,1,191.0000
384,384,Eminem,Eminem,1,191.0000
385,385,The Marshall Mathers LP 2,"""The Marshall Mathers LP 2""",1,191.0000
386,386,Brigadier General,25,0,192.0000
387,387,Warsaw,"Warsaw, Poland",0,193.0000
388,388,1944,1944,1,193.0000
389,389,No,no,1,193.0000
390,390,Umina Beach,"Umina Beach, New South Wales",0,194.0000
391,391,David Naughton,"David Naughton, Jenny Agutter and Griffin Dunne",0,195.0000
392,392,Adelaide,"Marion, South Australia",0,196.0000
393,393,Daviesia,Daviesia,1,196.0000
394,394,The Kansas–Nebraska Act,Kansas–Nebraska Act,1,196.0000
395,395,Hotpoint,GE Appliances,0,197.0000
396,396,Lee Hazlewood,Barton Lee Hazlewood,0,198.0000
397,397,Yes,yes,1,198.0000
398,398,4,four,0,199.0000
399,399,country,largest country,0,200.0000
400,400,flowering plants,flowering plants,1,200.0000
401,401,"5,124","5,124 rooms",0,201.0000
402,402,Campbell Soup Company,The Campbell Soup Company,1,201.0000
403,403,"Springfield, Massachusetts","city of Springfield, Massachusetts",0,202.0000
404,404,1961,1961,1,202.0000
405,405,American football,American football,1,202.0000
406,406,Producer,director,0,203.0000
407,407,James Victor Chesnutt,Vic Chesnutt,0,204.0000
408,408,Mirosław Hermaszewski,Ulf Dietrich Merbold,0,205.0000
409,409,The First Family of Competitive Eating,"the ""First Family of Competitive Eating""",1,205.0000
410,410,Western Europe,Western Europe,1,205.0000
411,411,Papermaking industry,papermaking industry,1,205.0000
412,412,Beaver and Erie Canal,The Beaver and Erie Canal,1,205.0000
413,413,Zurna,an organ,0,206.0000
414,414,Battle of Manila (1574),Battle of Guam,0,207.0000
415,415,Stephen King,Stephen King,1,207.0000
416,416,No,no,1,207.0000
417,417,"12,272","12,272",1,207.0000
418,418,The 500th episode of 'The Simpsons',show's 500th episode,0,208.0000
419,419,Caesars Palace Grand Prix,Caesars Palace Grand Prix,1,208.0000
420,420,Benj Pasek and Justin Paul,Pasek & Paul,0,209.0000
421,421,an album,an album,1,209.0000
422,422,Yes,yes,1,209.0000
423,423,Bank of China Tower,Hong Kong,0,210.0000
424,424,Hawaii House of Representatives,"Robert ""Bobby"" Bunda",0,211.0000
425,425,World War II and American Civil War,yes,0,212.0000
426,426,Spam,Spam,1,212.0000
427,427,DTM,DTM,1,212.0000
428,428,Jessica Lange,Jessica Lange,1,212.0000
429,429,"86,112","86,112",1,212.0000
430,430,Mayfair,Mayfair,1,212.0000
431,431,Paper Trail,Paper Trail,1,212.0000
432,432,Russell Humphreys,Russell Humphreys,1,212.0000
433,433,Yes,yes,1,212.0000
434,434,documentary,documentary,1,212.0000
435,435,"Atlanta, Georgia",North Avenue at Techwood Drive,0,213.0000
436,436,The name of the award is derived from the EN World web site that has hosted the awards since their inception in 2001.,EN World web site,0,214.0000
437,437,Ursula K. Le Guin,Ursula Kroeber Le Guin,0,215.0000
438,438,Battle of Hürtgen Forest,Battle of Hürtgen Forest,1,215.0000
439,439,Max Mosley,Max Rufus Mosley,0,216.0000
440,440,Volta Region,Volta,0,217.0000
441,441,Private Secretary and Treasurer,Private Secretary and Treasurer,1,217.0000
442,442,seven,seven,1,217.0000
443,443,$10.5 million (USD 8 million),$10.5 million,0,218.0000
444,444,No,no,1,218.0000
445,445,"Louis Mountbatten, 1st Earl Mountbatten of Burma was an uncle of Prince Philip, Duke of Edinburgh, and second cousin once removed of Elizabeth II.",second cousin once removed,0,219.0000
446,446,Kitchens of Distinction,Kitchens of Distinction,1,219.0000
447,447,Free Range Films,Free Range Films,1,219.0000
448,448,It can contain an autonomous administrative division.,the flags,0,220.0000
449,449,Merovech,Merovech,1,220.0000
450,450,Guardians of the Galaxy Vol. 2,Guardians of the Galaxy Vol. 2,1,220.0000
451,451,European chinch bug,moth,0,221.0000
452,452,No,no,1,221.0000
453,453,David Weissman,David Weissman,1,221.0000
454,454,Adelaide,McLaren Vale,0,222.0000
455,455,Personal History,Personal History,1,222.0000
456,456,England,England,1,222.0000
457,457,Lev Yilmaz,Levni Yilmaz,0,223.0000
458,458,"Bay Ridge, Brooklyn","Bay Ridge, Brooklyn",1,223.0000
459,459,Copenhagen,Copenhagen,1,223.0000
460,460,Planet Terror,Planet Terror,1,223.0000
461,461,Manchester United F.C.,Manchester United,0,224.0000
462,462,"Franconia, New Hampshire, United States","Franconia, New Hampshire",0,225.0000
463,463,Nicolas Vanier,Nicolas Vanier,1,225.0000
464,464,"Kings Point, New York","Kings Point, New York",1,225.0000
465,465,George Atzerodt,Andrew Johnson,0,226.0000
466,466,Bill Murray,Bill Murray,1,226.0000
467,467,"1,800 games","1,800",0,227.0000
468,468,cranberries,acidic,0,228.0000
469,469,Eddie Collins,Edward Trowbridge Collins Sr.,0,229.0000
470,470,Video games,video game,0,230.0000
471,471,Oklahoma,Sacramento Kings,0,231.0000
472,472,Soha Ali Khan,Soha Ali Khan,1,231.0000
473,473,Shifty Shellshock,Shifty Shellshock,1,231.0000
474,474,anabolic-androgenic steroid (AAS),anabolic–androgenic steroid (AAS),0,232.0000
475,475,Francis Ford Coppola,Ronald Shusett,0,233.0000
476,476,Texas Tech University,Texas Tech University,1,233.0000
477,477,FBS,NCAA Division I FBS football,0,234.0000
478,478,publisher,American schoolteacher and publisher,0,235.0000
479,479,Robert Mulligan,Robert Patrick Mulligan,0,236.0000
480,480,"November 15, 1903","November 15, 1903",1,236.0000
481,481,"Ordos City China Science Flying Universe Science and Technology Co., Ltd.",Ordos City,0,237.0000
482,482,EA-18G Growler,Boeing EA-18G Growler,0,238.0000
483,483,"downtown San Luis Obispo, California","San Luis Obispo, California",0,239.0000
484,484,modern-day Mexico City,Mexico City,0,240.0000
485,485,Multiple awards,multiple awards,1,240.0000
486,486,Choral song,played,0,241.0000
487,487,Arena of Khazan,Arena of Khazan,1,241.0000
488,488,Pierre Womé,Pierre Nlend Womé,0,242.0000
489,489,The Big Bang Theory,"""The Big Bang Theory""",1,242.0000
490,490,Dave Bautista,David Michael Bautista Jr.,0,243.0000
491,491,New York City,the world,0,244.0000
492,492,England,England,1,244.0000
493,493,Animorphs,Animorphs,1,244.0000
494,494,"Samuel M ""Sam"" Raimi",Sam Raimi,0,245.0000
495,495,Yes,yes,1,245.0000
496,496,1901,1901,1,245.0000
497,497,John Lasseter,John Alan Lasseter,0,246.0000
498,498,Southern University Law Center,UDC,0,247.0000
499,499,Thon Maker,Thon Marial Maker,0,248.0000
500,500,The Seven Days Battles,The Seven Days Battles,1,248.0000
501,501,Romantic comedy,romantic comedy,1,248.0000
502,502,5,five times,0,249.0000
503,503,Terry Crews,Terry Crews,1,249.0000
504,504,Restoration Hardware,Restoration Hardware,1,249.0000
505,505,"January 3, 1989","June 6, 1959",0,250.0000
506,506,The Easter Rising,Easter Rising of 1916,0,251.0000
507,507,St. George,St.George,0,252.0000
508,508,"51,271","51,271",1,252.0000
509,509,Sir George Cayley,George Cayley,0,253.0000
510,510,Melanie Owen,Melanie Owen,1,253.0000
511,511,"Tales of various deities, beings, and heroes","various deities, beings, and heroes",0,254.0000
512,512,Reinhard Heydrich,Reinhard Heydrich,1,254.0000
513,513,Ed Martin,Edward Robert Martin Jr.,0,255.0000
514,514,2,second,0,256.0000
515,515,Orchids and flowering plants respectively,flowering plants,0,257.0000
516,516,1996,1996,1,257.0000
517,517,Viacom International Media Networks,Prof Media,0,258.0000
518,518,Felicity Jones,Felicity Rose Hadley Jones,0,259.0000
519,519,Tea Moderna,Tea Moderna,1,259.0000
520,520,Marsilea,Marsilea,1,259.0000
521,521,Exeter College,Exeter College,1,259.0000
522,522,Sue Rose,Thomas Warburton,0,260.0000
523,523,Ride a Wild Pony,Ride a Wild Pony,1,260.0000
524,524,Video game,video game,1,260.0000
525,525,Albert Park,Albert Park,1,260.0000
526,526,Betano,Hero,0,261.0000
527,527,a minor basilica,a minor basilica,1,261.0000
528,528,"Mark Gaudet is a Canadian musician, and Jan Axel Blomberg is a Norwegian heavy metal drummer.",drummer,0,262.0000
529,529,"Teide National Park is located in Tenerife, Canary Islands, Spain. Garajonay National Park is also located in Tenerife, Canary Islands, Spain.","Canary Islands, Spain",0,263.0000
530,530,Rihanna,Stargate,0,264.0000
531,531,Paris,1926 Paris,0,265.0000
532,532,CableACE Award for Best Actress in a Dramatic Series,BAFTA TV Award Best Actor,0,266.0000
533,533,Karen O,Karen O,1,266.0000
534,534,Detective Inspector Humphrey Goodman,DI Humphrey Goodman,0,267.0000
535,535,Bismarck,Bismarck,1,267.0000
536,536,Crystal Dynamics,Crystal Dynamics,1,267.0000
537,537,No,middle America,0,268.0000
538,538,1987,1987,1,268.0000
539,539,Armenian-American,Armenian–American,0,269.0000
540,540,Grand Forks International Airport,El Paso International Airport,0,270.0000
541,541,Ethan Jesse Coen,Joel David Coen,0,271.0000
542,542,Kathleen O'Brien,Kathleen O'Brien,1,271.0000
543,543,Chaplain to the Forces,Chaplain,0,272.0000
544,544,203 people per square mile,526,0,273.0000
545,545,Southern State Parkway,Southern State Parkway,1,273.0000
546,546,Alain Resnais,Scott Sidney,0,274.0000
547,547,Naked Soldier,"""Naked Killer""",0,275.0000
548,548,1901,1901,1,275.0000
549,549,Lismore,Lismore,1,275.0000
550,550,Hee Haw,Hee Haw,1,275.0000
551,551,Christopher 'Chris' Tarbell,"Christopher ""Chris"" Tarbell",1,275.0000
552,552,Último Dragón,Mossad,0,276.0000
553,553,Vanarama,Vanarama,1,276.0000
554,554,Both were directors and producers.,director and producer,0,277.0000
555,555,Isla Grande de Tierra del Fuego,Isla de Xativa,0,278.0000
556,556,45th,45th,1,278.0000
557,557,March and April,March and April,1,278.0000
558,558,"Alice Springs, Northern Territory, Australia","Alice Springs, Northern Territory",0,279.0000
559,559,Thomas Mawson,Thomas Mawson,1,279.0000
560,560,Jesper Myrfors,Jesper Myrfors,1,279.0000
561,561,None,great-grandfather,0,280.0000
562,562,American,Canadian,0,281.0000
563,563,Mrs. Eastwood & Company,Mrs. Eastwood & Company,1,281.0000
564,564,Erinsborough,Erinsborough,1,281.0000
565,565,Douglas County,Douglas,0,282.0000
566,566,"Film director, film producer","film director, film producer, writer",0,283.0000
567,567,Brad Silberling,Brad Silberling,1,283.0000
568,568,Cody,"Kairi in the video game series ""Kingdom Hearts"".",0,284.0000
569,569,Lakeland Square Mall,Winter Haven Mall,0,285.0000
570,570,World War II,World War II,1,285.0000
571,571,15,fifteen,0,286.0000
572,572,British,British,1,286.0000
573,573,Asante Traditional Buildings,Gulangyu,0,287.0000
574,574,Kingdom of the Isles,Kingdom of the Isles,1,287.0000
575,575,James Packer,James Packer,1,287.0000
576,576,Argentine Americans,Argentine Americans,1,287.0000
577,577,Baghban,Kal Ho Naa Ho,0,288.0000
578,578,"NCAA's all-time leader in total passing yards, touchdowns, and completions",most total touchdowns in NCAA history,0,289.0000
579,579,"4,613","4,613",1,289.0000
580,580,2011,2011,1,289.0000
581,581,None,Tharangambadi,0,290.0000
582,582,Perfect Strangers,Perfect Strangers,1,290.0000
583,583,2006,2006,1,290.0000
584,584,Fallujah and Dying Fetus both tour with other bands and have political/modern themes in their music.,death metal band,0,291.0000
585,585,Dissection,Dissection,1,291.0000
586,586,German Spitz,German Spitz,1,291.0000
587,587,stringed instrument,strings,0,292.0000
588,588,Yes,yes,1,292.0000
589,589,Polypodium,Polypodium,1,292.0000
590,590,tigers or panthers,Javan leopard,0,293.0000
591,591,Steeles Avenue,Steeles Avenue,1,293.0000
592,592,Joe Scarborough,Charles Joseph,0,294.0000
593,593,7 miles,7 miles,1,294.0000
594,594,Jim Pugh,Jim Pugh,1,294.0000
595,595,Pakistan,Pakistani,0,295.0000
596,596,New Jersey,Province of New York,0,296.0000
597,597,Sudan,Republic of Chad,0,297.0000
598,598,World's Best Goalkeeper,World's Best Goalkeeper,1,297.0000
599,599,Ogallala Aquifer,Ogallala Aquifer,1,297.0000
600,600,Giuseppe Verdi,Giuseppe Verdi,1,297.0000
601,601,Las Vegas Sands,Las Vegas Sands company.,0,298.0000
602,602,Květa Peschke,Květa Peschke,1,298.0000
603,603,Marktown,Marktown,1,298.0000
604,604,West Point Foundry,West Point Iron and Cannon Foundry,0,299.0000
605,605,Yes,yes,1,299.0000
606,606,"1,400 people","3,677 seated",0,300.0000
607,607,Macworld,Macworld,1,300.0000
608,608,Owsley Stanley,Owsley Stanley,1,300.0000
609,609,Keeper of the Privy Seal of Scotland,Keeper of the Privy Seal of Scotland,1,300.0000
610,610,28 January 1864,28 January 1864,1,300.0000
611,611,Ed O'Neill,"Edward Leonard ""Ed"" O'Neill",0,301.0000
612,612,Yes,yes,1,301.0000
613,613,October 1922,October 1922,1,301.0000
614,614,Caligula,Gaius Julius Caesar Augustus Germanicus,0,302.0000
615,615,FIFA Women's World Cup,international football competition,0,303.0000
616,616,Sinclair Hill,Sinclair Hill,1,303.0000
617,617,T. R. M. Howard,T. R. M. Howard,1,303.0000
618,618,Benedict of Nursia,Benedict of Nursia,1,303.0000
619,619,"Battle Creek, Michigan","Battle Creek, Michigan",1,303.0000
620,620,Sexy Beast,The Big Lebowski,0,304.0000
621,621,2013,2013,1,304.0000
622,622,Walt Disney Productions,Walt Disney Productions,1,304.0000
623,623,Yes,yes,1,304.0000
624,624,Treaty of Gandamak,Treaty of Gandamak,1,304.0000
625,625,Lavatera,Oplismenus,0,305.0000
626,626,over 600,over 600 stores,0,306.0000
627,627,Parthian Empire,the Parthian Empire,1,306.0000
628,628,Eddie Izzard,Eddie Izzard,1,306.0000
629,629,Green Chair,Green Chair,1,306.0000
630,630,Kang,Kodos,0,307.0000
631,631,Chloë Agnew,Chloë Alexandra Adele Emily Agnew,0,308.0000
632,632,Are You Ready,Na Na,0,309.0000
633,633,Mad Hot Ballroom,Mad Hot Ballroom,1,309.0000
634,634,2017,2017,1,309.0000
635,635,Queen Elizabeth II,Princess Elizabeth,0,310.0000
636,636,1916,1916,1,310.0000
637,637,Phoenix Television,Phoenix Television,1,310.0000
638,638,Larnelle Harris,Larnelle Harris,1,310.0000
639,639,NYPD's 83rd Precinct,NYPD's 83rd Precinct,1,310.0000
640,640,Christina Ricci,Christina Ricci,1,310.0000
641,641,over 150 million copies,150 million copies,0,311.0000
642,642,Flashback: The Quest for Identity,Fade to Black,0,312.0000
643,643,Kanichee Mine,Kanichee Mine,1,312.0000
644,644,Warner Bros. Records,Warner Bros,0,313.0000
645,645,Guadarrama National Park,Sierra de Guadarrama National Park,0,314.0000
646,646,Ian Schneider,Frederick King Keller,0,315.0000
647,647,political correctness,political correctness,1,315.0000
648,648,16th Street and Georgetown Road,16th Street and Georgetown Road,1,315.0000
649,649,"Brooklyn, New York","Brooklyn, New York",1,315.0000
650,650,Chief of the Operations Staff of the Armed Forces High Command (Oberkommando der Wehrmacht),Oberkommando der Wehrmacht,0,316.0000
651,651,Awake,Awake,1,316.0000
652,652,Dead Poets Society,Dead Poets Society,1,316.0000
653,653,Los Alamos National Laboratory,Manhattan Project,0,317.0000
654,654,Yes,yes,1,317.0000
655,655,"Cleveland, Ohio","Cleveland, Ohio",1,317.0000
656,656,Orlando Magic,Orlando Magic,1,317.0000
657,657,Norman,Norman,1,317.0000
658,658,"July 26, 1959","July 26, 1959",1,317.0000
659,659,"3,384,569","3,384,569",1,317.0000
660,660,No,no,1,317.0000
661,661,Maurice Ravel,Maurice Ravel,1,317.0000
662,662,Margarine Unie,Margarine Unie,1,317.0000
663,663,1977,1977,1,317.0000
664,664,Wayne 'Animal' Turner,Charles Kelley,0,318.0000
665,665,The Queen City,"""Queen City""",1,318.0000
666,666,Multinational Monitor,Multinational Monitor,1,318.0000
667,667,Limerick,Limerick,1,318.0000
668,668,X Ambassadors,X Ambassadors,1,318.0000
669,669,Michael Graves,architect Michael Graves,0,319.0000
670,670,Buckingham Palace,reigning monarch of the United Kingdom,0,320.0000
671,671,Margaret Landon,Margaret Landon,1,320.0000
672,672,Luca Parmitano,Luca Parmitano,1,320.0000
673,673,Dinosaur,Dinosaur,1,320.0000
674,674,Stephen Christian,and lead guitarist,0,321.0000
675,675,MGM Resorts International,MGM Resorts International,1,321.0000
676,676,Graduation,My Beautiful Dark Twisted Fantasy,0,322.0000
677,677,eastern shore,Firth of Clyde,0,323.0000
678,678,Stadio Olimpico,Stadio Olimpico,1,323.0000
679,679,Boston Celtics,Boston Celtics,1,323.0000
680,680,Ronald Reagan,Ronald Wilson Reagan,0,324.0000
681,681,Daron Malakian,Daron Vartan Malakian,0,325.0000
682,682,Roman Catholic family magazine and rock and heavy metal magazine respectively,magazine,0,326.0000
683,683,Zachary Levi,Zachary Levi,1,326.0000
684,684,IT products and services,IT products and services,1,326.0000
685,685,3 June 1865,1865,0,327.0000
686,686,Fagaceae family,trees,0,328.0000
687,687,Ehretia,Ehretia,1,328.0000
688,688,Vince Guaraldi,Vincent Anthony Guaraldi,0,329.0000
689,689,Yes,no,0,330.0000
690,690,Ferdi Taygan,Ferdi Taygan,1,330.0000
691,691,Bedknobs and Broomsticks,Bedknobs and Broomsticks,1,330.0000
692,692,Finding Nemo,Finding Nemo,1,330.0000
693,693,Toshi Ichiyanagi,Toshi Ichiyanagi,1,330.0000
694,694,Roy Scheider,Roy Richard Scheider,0,331.0000
695,695,George Archainbaud,George Archainbaud,1,331.0000
696,696,Boston,Boston,1,331.0000
697,697,Regional Rural Bank,Regional Rural Bank,1,331.0000
698,698,Pennacook,the Pennacook people,0,332.0000
699,699,orange,orange,1,332.0000
700,700,Fort Worth,Fort Worth,1,332.0000
701,701,"September 13, 1994","September 13, 1994",1,332.0000
702,702,Musician,musician,1,332.0000
703,703,Murray Hill,Murray Hill,1,332.0000
704,704,more than 70,more than 70 countries,0,333.0000
705,705,Teen Titans,Teen Titans Go!,0,334.0000
706,706,Xcel Energy,Xcel Energy Inc.,0,335.0000
707,707,1,three singles titles,0,336.0000
708,708,Slaughterhouse-Five,Slaughterhouse-Five,1,336.0000
709,709,Anandji Virji Shah,Anandji Virji Shah,1,336.0000
710,710,"5,112 feet (1,559 m)","5,112 feet",0,337.0000
711,711,Yes,yes,1,337.0000
712,712,Royal Australian Navy,Australian Defence Force,0,338.0000
713,713,Dr. John Patrick 'Jack' Ryan Sr.,Jack Ryan,0,339.0000
714,714,Miller Brewing,Miller Brewing,1,339.0000
715,715,Great Neck,"New York, United States",0,340.0000
716,716,Michael Seater,Michael Seater,1,340.0000
717,717,Anthony Hopkins,Anthony Hopkins,1,340.0000
718,718,D. Ross Lederman,David Ross Lederman,0,341.0000
719,719,3 June 2016,3 December,0,342.0000
720,720,1990 and 1992,28th,0,343.0000
721,721,hunting,hunting,1,343.0000
722,722,Black Swan,Swan Lake,0,344.0000
723,723,No,no,1,344.0000
724,724,business process outsourcing (BPO),IT,0,345.0000
725,725,Phoenix Suns,the Phoenix Suns,1,345.0000
726,726,"332,523,642","9,984",0,346.0000
727,727,No,no,1,346.0000
728,728,Man Booker Prize for Fiction,Man Booker Prize for Fiction,1,346.0000
729,729,Eenasul Fateh,Eenasul Fateh,1,346.0000
730,730,more than 10 million,more than 10 million,1,346.0000
731,731,New York Giants,New York Giants,1,346.0000
732,732,Kathantara,1999 Odisha cyclone,0,347.0000
733,733,Martha Coolidge,Martha Coolidge,1,347.0000
734,734,early 1970s,early 1970s,1,347.0000
735,735,North Carolina,North Carolina,1,347.0000
736,736,Every March,The High Sheriff changes every March.,0,348.0000
737,737,Chauncey Billups,signing free agent Chauncey Billups,0,349.0000
738,738,exploration and settlement of what is now Kentucky,Wilderness Road,0,350.0000
739,739,Fantastic Voyage,Gangsta's Paradise,0,351.0000
740,740,Lucie Šafářová,Kenneth Eliot Flach,0,352.0000
741,741,9,9 venues,0,353.0000
742,742,Gerry Adams,"Gerard ""Gerry"" Adams",0,354.0000
743,743,Tom Hiddleston,Tom Hiddleston,1,354.0000
744,744,Golden Films,Don Hahn,0,355.0000
745,745,Anna Clyne,Anna Clyne,1,355.0000
746,746,New York Yankees,New York Yankees,1,355.0000
747,747,Circus Diablo,Magic Dirt,0,356.0000
748,748,Eucryphia,Eucryphia,1,356.0000
749,749,"Götene, Sweden",Götene in Sweden,0,357.0000
750,750,"Field Marshal John Standish Surtees Prendergast Vereker, 6th Viscount Gort",Lord Gort,0,358.0000
751,751,Philip K. Dick,Philip K. Dick,1,358.0000
752,752,Horror,South Korean horror film,0,359.0000
753,753,Distillery,Distillery,1,359.0000
754,754,Maryland,Maryland,1,359.0000
755,755,7 January 1936,7 January 1936,1,359.0000
756,756,many deities and spirits,belief in many deities and spirits,0,360.0000
757,757,Cuyler Reynolds,Cuyler Reynolds,1,360.0000
758,758,"Fujioka, Gunma","Fujioka, Gunma",1,360.0000
759,759,Mahammed Dionne,Umaro Mokhtar Sissoco Embaló,0,361.0000
760,760,The Saturdays,The Saturdays,1,361.0000
761,761,Scandinavian design,Scandinavian design,1,361.0000
762,762,Foo Fighters,Foo Fighters,1,361.0000
763,763,Yes,yes,1,361.0000
764,764,documentary,documentary,1,361.0000
765,765,A5117,The A41,0,362.0000
766,766,more than 230,230,0,363.0000
767,767,"teacher, teachers teacher, speaker and writer",member of the Executive Council of the General Anthroposophical Society,0,364.0000
768,768,Happy Death Day,Happy Death Day,1,364.0000
769,769,Laurus,Laurus,1,364.0000
770,770,Sponsorgate,The sponsorship scandal,0,365.0000
771,771,6 April 1830,6 April 1830,1,365.0000
772,772,Oceans,The Bears and I,0,366.0000
773,773,Oakland County,Oakland County,1,366.0000
774,774,867 feet,867,0,367.0000
775,775,2015,2015,1,367.0000
776,776,No,no,1,367.0000
777,777,Yes,yes,1,367.0000
778,778,The Life of Larry and Larry & Steve,The Life of Larry and Larry & Steve,1,367.0000
779,779,John John Florence,John John Florence,1,367.0000
780,780,Pensacola,Warrington,0,368.0000
781,781,Johan Leysen,Johan Leysen,1,368.0000
782,782,1991's 'The Changing Scottish Landscape',The Changing Scottish Landscape,0,369.0000
783,783,219 passengers,219,0,370.0000
784,784,U.S. Bancorp,U.S. Bancorp,1,370.0000
785,785,Crystal Palace F.C. Player of the Year,Player of the Year,0,371.0000
786,786,Jim Davis,Jim Davis,1,371.0000
787,787,Taylor Swift,Taylor Swift,1,371.0000
788,788,Liberty,Liberty,1,371.0000
789,789,Stanisław Drzewiecki,Maria Szraiber,0,372.0000
790,790,Apsley Cherry-Garrard,Apsley George Benet Cherry-Garrard,0,373.0000
791,791,Michael Edwards,"Eddie ""The Eagle"" Edwards",0,374.0000
792,792,2010,2008,0,375.0000
793,793,Victor Reinier,Ryan Guno Babel,0,376.0000
794,794,1851,1851,1,376.0000
795,795,"August 26–30, 1914",26–30 August 1914,0,377.0000
796,796,CBS Corporation,CBS Corporation,1,377.0000
797,797,Selle v. Gibb,1964,0,378.0000
798,798,Salford City,Salford City Football Club,0,379.0000
799,799,Tetrapolis,northeastern,0,380.0000
800,800,Matt Serra,Peter 'Drago' Sell,0,381.0000
801,801,Valuation method,business,0,382.0000
802,802,Kew Gardens,Kew Gardens,1,382.0000
803,803,Austrian,American,0,383.0000
804,804,family member,a family member,1,383.0000
805,805,Sun Valley,"Sun Valley, Idaho",0,384.0000
806,806,Filthy Rich & Catflap,"""The Comic Strip Presents...""",0,385.0000
807,807,Roman Empire,Roman,0,386.0000
808,808,John Faso,John Faso,1,386.0000
809,809,"pioneer in watch design, manufacturing and distribution",Swiss made,0,387.0000
810,810,No,no,1,387.0000
811,811,Tufts University,Tufts College,0,388.0000
812,812,punk rock,punk rock,1,388.0000
813,813,Presbyterian Church (USA),Presbyterian Church,0,389.0000
814,814,Fictional character,fictional character,1,389.0000
815,815,1964 to 1974,1964 to 1974,1,389.0000
816,816,Yes,yes,1,389.0000
817,817,"orange clothing such as T-shirts, caps and scarfs",orange,0,390.0000
818,818,Philadelphia,Philadelphia,1,390.0000
819,819,John Lennon,John Lennon,1,390.0000
820,820,"8,211","8,211 at the 2010 census",0,391.0000
821,821,"5,042","5,042",1,391.0000
822,822,Bhushan Patel,Tinu Suresh Desai,0,392.0000
823,823,Pyotr Ilyich Tchaikovsky,Pyotr Ilyich Tchaikovsky,1,392.0000
824,824,No,no,1,392.0000
825,825,American,American,1,392.0000
826,826,Rocky Boy's Indian Reservation,Rocky Boy's Indian Reservation,1,392.0000
827,827,1986,1986,1,392.0000
828,828,Ready Player One,Ready Player One,1,392.0000
829,829,Hugo Award,Hugo Award,1,392.0000
830,830,"Chiba, Japan",Korea,0,393.0000
831,831,4,4 albums,0,394.0000
832,832,Carrefour,Carrefour,1,394.0000
833,833,Nikolai Morozov,Nikolai Morozov,1,394.0000
834,834,No,no,1,394.0000
835,835,Pavel Alexandrov,Pavel Sergeyevich Alexandrov,0,395.0000
836,836,May Revolution,May Revolution,1,395.0000
837,837,No,no,1,395.0000
838,838,stunt performer,stunt performances,0,396.0000
839,839,Archbishop of Canterbury,Archbishop of Canterbury,1,396.0000
840,840,Gloria Trevi,Gloria Trevi,1,396.0000
841,841,Robert Smigel,"Robert Smigel, Michael Koman and David Feldman",0,397.0000
842,842,Frank Thomas' Big Hurt,a pinball machine,0,398.0000
843,843,Princess Jessica,Princess Jessica,1,398.0000
844,844,Justin Spitzer,Justin Spitzer,1,398.0000
845,845,Apiaceae,Apium,0,399.0000
846,846,Bill Clinton,William Jefferson Clinton,0,400.0000
847,847,2005,2005,1,400.0000
848,848,Fazoli's,Fazoli's,1,400.0000
849,849,Future,The Bomb Factory,0,401.0000
850,850,Christian,evangelical Christian,0,402.0000
851,851,Laura Osnes,Laura Ann Osnes,0,403.0000
852,852,Impresario,impresario,1,403.0000
853,853,fifth-largest city in the state,fifth-largest,0,404.0000
854,854,Bhabananda Deka,Prof Bhabananda Deka,0,405.0000
855,855,ZZ Top,ZZ Top,1,405.0000
856,856,"276,170","276,170 inhabitants",0,406.0000
857,857,Leo Varadkar,Leo Varadkar,1,406.0000
858,858,"Violin Sonata No. 4 in A minor, Opus 23",Symphony No. 7,0,407.0000
859,859,Pepper Keenan,"Robert ""Rob"" Parissi",0,408.0000
860,860,Boston and Maine Railroad's Southern Division,Boston and Maine Railroad's Southern Division,1,408.0000
861,861,No,no,1,408.0000
862,862,1946,1945,0,409.0000
863,863,Mark Thomas Ciardi,Kurt Russell,0,410.0000
864,864,Australian Supercars Championship,Australian Supercars Championship,1,410.0000
865,865,Urijah Faber,Urijah Christopher Faber,0,411.0000
866,866,Nuptse,It lies two kilometres WSW of Mount Everest.,0,412.0000
867,867,"Las Vegas, Nevada",Las Vegas Strip in Paradise,0,413.0000
868,868,Piaggio,Piaggio,1,413.0000
869,869,"Hotel, Airport, Wheels","Hotel"" (1965), ""Airport"" (1968), ""Wheels"" (1971)",0,414.0000
870,870,John F. Kelly,John Francis Kelly,0,415.0000
871,871,Charlie Albright,Atsushi Ogata,0,416.0000
872,872,Greenwich Village,"Greenwich Village, New York City",0,417.0000
873,873,Chris Lee,Sean Yseult.,0,418.0000
874,874,"46 Albert Square, Walford, London E20","46 Albert Square, Walford, London E20",1,418.0000
875,875,AngloGold Ashanti,AngloGold Ashanti,1,418.0000
876,876,Dennis Hull,"Dennis Hull, as well as painter Manley MacDonald.",0,419.0000
877,877,Blue,Blue,1,419.0000
878,878,iSight iMac G5,keyboard function keys,0,420.0000
879,879,"April 29, 2005, $129.95","April 29, 2005 for US$129.95",0,421.0000
880,880,Yes,yes,1,421.0000
881,881,1614,1614,1,421.0000
882,882,More than two decades,more than two decades,1,421.0000
883,883,Ratatat,Ratatat,1,421.0000
884,884,Alceste,"""Alceste""",1,421.0000
885,885,Virginia Woolf,Adeline Virginia Woolf,0,422.0000
886,886,Babylon,Babylon,1,422.0000
887,887,Berea College,Berea College,1,422.0000
888,888,Severe acute respiratory syndrome,severe acute respiratory syndrome,1,422.0000
889,889,Hamlet,Hamlet,1,422.0000
890,890,January,January 2001,0,423.0000
891,891,"Royce da 5'9"" and Eminem","Royce da 5'9"" (Bad) and Eminem (Evil)",0,424.0000
892,892,Nelson Rockefeller,Nelson Rockefeller,1,424.0000
893,893,Kelly Osbourne,Kelly Lee Osbourne,0,425.0000
894,894,Ducks,Ducks,1,425.0000
895,895,No,yes,0,426.0000
896,896,seven,seven,1,426.0000
897,897,Mathieu Kassovitz,Mathieu Kassovitz,1,426.0000
898,898,Viaport Rotterdam,Viaport Rotterdam,1,426.0000
899,899,Schutzstaffel,Schutzstaffel,1,426.0000
900,900,Norse mythology,Norse,0,427.0000
901,901,Lincoln,Caistor is a town,0,428.0000
902,902,Drifting,Drifting,1,428.0000
903,903,November,November 2017,0,429.0000
904,904,Canadian,Canadian comedian,0,430.0000
905,905,Monthly,Girlfriends,0,431.0000
906,906,director,film director,0,432.0000
907,907,New Jewel Movement,New Jewel Movement,1,432.0000
908,908,An All-Colored Vaudeville Show,"""An All-Colored Vaudeville Show""",1,432.0000
909,909,Dutch,Dutch,1,432.0000
910,910,portraits,portrait,0,433.0000
911,911,Suicide Kings,Suicide Kings,1,433.0000
912,912,Nikolai Lobachevsky,Nikolai Ivanovich Lobachevsky,0,434.0000
913,913,French Canadians,French Canadians,1,434.0000
914,914,Art galleries,artists' lofts,0,435.0000
915,915,England,"London, England",0,436.0000
916,916,Carondelet Canal,Carondelet Canal,1,436.0000
917,917,The Conversation,The Conversation,1,436.0000
918,918,Heavyweights,Heavyweights,1,436.0000
919,919,Brothers Quay,Brothers Quay,1,436.0000
920,920,No,no,1,436.0000
921,921,January 2004,January 2004,1,436.0000
922,922,Scotch Collie,Scotch Collie,1,436.0000
923,923,Every Rose Has Its Thorn,Every Rose Has Its Thorn,1,436.0000
924,924,1961,1961,1,436.0000
925,925,Victoria,"Warrnambool, Victoria",0,437.0000
926,926,Yorgos Lanthimos,Yorgos Lanthimos,1,437.0000
927,927,Picric acid,picric acid,1,437.0000
928,928,Ogier the Dane,Ogier the Dane,1,437.0000
929,929,Burwash Mine,Burwash Mine,1,437.0000
930,930,A Bug's Life,A Bug's Life,1,437.0000
931,931,Obafemi Martins,Obafemi Martins,1,437.0000
932,932,Rockland,Rockland,1,437.0000
933,933,Live,Live,1,437.0000
934,934,No common genre between Tappi Tíkarrass and INXS.,rock,0,438.0000
935,935,"orange juice, sweetener, milk, powdered egg whites and vanilla flavoring",orange juice,0,439.0000
936,936,1932,1932,1,439.0000
937,937,Kevin Spacey,Kevin Spacey,1,439.0000
938,938,Philip Labonte,Philip Steven Labonte,0,440.0000
939,939,Nobel Prize,Nobel Prize,1,440.0000
940,940,Ivan Foster,Ian Paisley,0,441.0000
941,941,London,London,1,441.0000
942,942,"Canton, Michigan",lower Manhattan,0,442.0000
943,943,No,yes,0,443.0000
944,944,Stratford,"Gainesville, Florida",0,444.0000
945,945,1999,1999,1,444.0000
946,946,Hinduism,Hindi,0,445.0000
947,947,Philip Livingston,Philip Livingston,1,445.0000
948,948,Dodge Park,Dodge Memorial Park,0,446.0000
949,949,"March 30, 2025","March 30, 2025",1,446.0000
950,950,drawings,drawings,1,446.0000
951,951,Both structures are skyscrapers.,building,0,447.0000
952,952,Jimmy Page,Eric Clapton,0,448.0000
953,953,the George Washington Bridge,the George Washington Bridge,1,448.0000
954,954,Coyote Ugly,Coyote Ugly,1,448.0000
955,955,"April 1, 1949","April 1, 1949",1,448.0000
956,956,Discover Pure Energy,"""Discover Pure Energy""",1,448.0000
957,957,multiple-time world wushu tournament champion,world wushu tournament,0,449.0000
958,958,Republic of Ireland,Ireland,0,450.0000
959,959,1989,1989,1,450.0000
960,960,Dallas,Dallas,1,450.0000
961,961,Daniel Patrick Moynihan,"Daniel Patrick ""Pat"" Moynihan",0,451.0000
962,962,"2009, Big 12",2009 Big 12 Conference,0,452.0000
963,963,Lieutenant Commander Steve McGarrett,Steve McGarrett,0,453.0000
964,964,Hot toddy,Hot toddy,1,453.0000
965,965,"Laurel, Mississippi","Laurel, Mississippi",1,453.0000
966,966,Annie Morton,Terry Richardson,0,454.0000
967,967,McKenna's Fort,Casement's Fort,0,455.0000
968,968,Philip K. Dick,Philip K. Dick,1,455.0000
969,969,Soil,Drowning Pool,0,456.0000
970,970,Oregon,Oregon,1,456.0000
971,971,Physical optics,theory of direct scattering and inverse scattering,0,457.0000
972,972,Adam Silver,Adam Silver,1,457.0000
973,973,Gabrielle-Suzanne Barbot de Villeneuve,Margery Williams,0,458.0000
974,974,"To determine the accomplishment of the oldest player in the NFL, I'll follow these steps:

1. Identify the oldest player in the NFL mentioned in the context.
2. Research or recall any unique achievements associated with this player.

Step 1: The oldest player in the NFL mentioned is Adam Vinatieri, born on","score 1,000 points with two different teams",0,459.0000
975,975,Silver,a silver medal,0,460.0000
976,976,1992,1992,1,460.0000
977,977,Cyndi Lauper,"Cynthia Ann Stephanie ""Cyndi"" Lauper",0,461.0000
978,978,thermal and kinetic energy,electromagnetic field,0,462.0000
979,979,Rawhide,Rawhide,1,462.0000
980,980,Juan Carlos Onetti,Juan Carlos Onetti,1,462.0000
981,981,Big Mamie,Big Mamie,1,462.0000
982,982,The Royal Family,"""The Royal Family""",1,462.0000
983,983,"No other actors were mentioned in the context for the movie 'Passengers' besides Jennifer Lawrence, Chris Pratt, Michael Sheen, and Laurence Fishburne.",Gene Serdena,0,463.0000
984,984,44,44,1,463.0000
985,985,Big 12 Conference,Big 12 Conference,1,463.0000
986,986,No,no,1,463.0000
987,987,2.1 million,2.1 million,1,463.0000
988,988,Allerdale,"the Borough of Allerdale in Cumbria, England",0,464.0000
989,989,No,yes,0,465.0000
990,990,"September 30, 2017","September 30, 2017",1,465.0000
991,991,Brazil,Brazil,1,465.0000
992,992,Brad Wilk,Brad Wilk,1,465.0000
993,993,Bob Iger,Robert A. Iger,0,466.0000
994,994,Yes,yes,1,466.0000
995,995,"Benj Pasek and Justin Paul, known together as Pasek and Paul",Pasek and Paul,0,467.0000
996,996,"Queens, New York","Queens, New York",1,467.0000
997,997,Scribner,Scribner,1,467.0000
998,998,1969-1974,1969 until 1974,0,468.0000
999,999,The Soloist,The Soloist,1,468.0000
1000,1000,Epigaea,Bactris,0,469.0000
1001,1001,Center,Canadian professional ice hockey centre,0,470.0000
1002,1002,Both Mount Ida and Rhea are associated with the mother goddess in pre-Greek myth.,Greek mythology,0,471.0000
1003,1003,Apatosaurus,Apatosaurus,1,471.0000
1004,1004,Armenian,Armenian,1,471.0000
1005,1005,1.95 m,1.95 m,1,471.0000
1006,1006,Essex,Essex,1,471.0000
1007,1007,Paula Patton,Paula Maxine Patton,0,472.0000
1008,1008,State University of New York Upstate Medical University,University of New York Upstate,0,473.0000
1009,1009,28 June 1945,28 June 1945,1,473.0000
1010,1010,Bottom of the World,The Bye Bye Man,0,474.0000
1011,1011,Catwoman,Catwoman,1,474.0000
1012,1012,Yes,no,0,475.0000
1013,1013,military officer,officer,0,476.0000
1014,1014,119 minutes,119 minutes,1,476.0000
1015,1015,No,no,1,476.0000
1016,1016,Academy Award for Best Animated Feature,Academy Award for Best Animated Feature,1,476.0000
1017,1017,lifestyle and women's,fortnightly women interest magazine,0,477.0000
1018,1018,"She translated and commented on Isaac Newton's book ""Principia,"" including a postulate of an additional conservation law for total energy.","commentary on Isaac Newton's book ""Principia""",0,478.0000
1019,1019,Katherine Harris,Katherine Harris,1,478.0000
1020,1020,Hessians,Hessians,1,478.0000
1021,1021,Tori Amos,Tori Amos,1,478.0000
1022,1022,Gal Gadot,Gal Gadot,1,478.0000
1023,1023,"March 13, 2013","March 13, 2013",1,478.0000
1024,1024,Rich Girl,"""Rich Girl""",1,478.0000
1025,1025,Philip Glass,Philip Morris Glass,0,479.0000
1026,1026,Bolshoi Theatre,Bolshoi Theatre,1,479.0000
1027,1027,1957,1957,1,479.0000
1028,1028,Fish Karma,racehorse breeder and owner,0,480.0000
1029,1029,Ajax Amsterdam,Tel Aviv,0,481.0000
1030,1030,2009,1976,0,482.0000
1031,1031,personal care products,natural-ingredients-only personal care products,0,483.0000
1032,1032,musical,musical,1,483.0000
1033,1033,24,13,0,484.0000
1034,1034,March and April 1968,1968,0,485.0000
1035,1035,Phil Spector,Phil Spector,1,485.0000
1036,1036,"Jamaican musician, singer, and songwriter","musician, singer, and songwriter",0,486.0000
1037,1037,Sir Syed University of Engineering and Technology,Sir Syed University of Engineering and Technology,1,486.0000
1038,1038,young superheroes,focus on young superheroes,0,487.0000
1039,1039,2005,2006,0,488.0000
1040,1040,Portal A Interactive,Portal A Interactive,1,488.0000
1041,1041,Cyclic Defrost,Cyclic Defrost,1,488.0000
1042,1042,2006,2006,1,488.0000
1043,1043,British Expeditionary Force,British Army,0,489.0000
1044,1044,Hard Rock Stadium,"Miami Gardens, Florida,",0,490.0000
1045,1045,The 'Amsterdam Polka',Polka,0,491.0000
1046,1046,Lithuanian,Lithuanian-born French,0,492.0000
1047,1047,Tampa,Tampa,1,492.0000
1048,1048,Yes,no,0,493.0000
1049,1049,"Stapleton Cotton, 1st Viscount Combermere",Lord Combermere,0,494.0000
1050,1050,Citizens for a Sound Economy,Citizens for a Sound Economy,1,494.0000
1051,1051,Los Angeles Lakers,Los Angeles Lakers,1,494.0000
1052,1052,Eliot Cutler,Eliot Cutler,1,494.0000
1053,1053,American,American,1,494.0000
1054,1054,British,German,0,495.0000
1055,1055,anabolic-androgenic steroid,Anabolic steroids,0,496.0000
1056,1056,R-8,The R-8 Human Rhythm Composer,0,497.0000
1057,1057,J. M. Barrie,Edward Franklin Albee III,0,498.0000
1058,1058,Berserk: The Golden Age Arc III - The Advent,Transporter 3,0,499.0000
1059,1059,Royal Navy,Navy,0,500.0000
1060,1060,Strange Synergy,Strange Synergy,1,500.0000
1061,1061,"Port Moresby, Papua New Guinea","Port Moresby, Papua New Guinea",1,500.0000
1062,1062,Jean-Loup Chrétien,Jean-Loup Jacques Marie Chrétien,0,501.0000
1063,1063,Jackson Storm,Jackson Storm,1,501.0000
1064,1064,My Cat from Hell,My Cat from Hell,1,501.0000
1065,1065,No,no,1,501.0000
1066,1066,Northrop F-15 Reporter,The Northrop P-61 Black Widow,0,502.0000
1067,1067,Gauteng,Gauteng province,0,503.0000
1068,1068,1944,1944,1,503.0000
1069,1069,Garth Jennings,Garth Jennings,1,503.0000
1070,1070,No,yes,0,504.0000
1071,1071,Salvia,Salvia,1,504.0000
1072,1072,"450,000","about 450,000",0,505.0000
1073,1073,Roseanne O'Donnell,Rosie O'Donnell,0,506.0000
1074,1074,215th,215th,1,506.0000
1075,1075,Erika Jayne,Erika Jayne,1,506.0000
1076,1076,Plato,Plato,1,506.0000
1077,1077,board games,board game,0,507.0000
1078,1078,aging issues,aging issues,1,507.0000
1079,1079,Angiotensin,zona glomerulosa,0,508.0000
1080,1080,Europe,Europe,1,508.0000
1081,1081,Yes,yes,1,508.0000
1082,1082,Guthred,Guthred or Guthfrith,0,509.0000
1083,1083,7 October 1978,7 October 1978,1,509.0000
1084,1084,1963 to 1991,1963 to 1991,1,509.0000
1085,1085,South African,South African-born,0,510.0000
1086,1086,David Dunn,David Dunn,1,510.0000
1087,1087,action films,martial arts action films,0,511.0000
1088,1088,Yes,yes,1,511.0000
1089,1089,Arizona State Sun Devils,Arizona State Sun Devils,1,511.0000
1090,1090,Daniel Sturridge,Daniel Sturridge,1,511.0000
1091,1091,110 miles (177 km),110 miles,0,512.0000
1092,1092,Bill McCutcheon,Bill McCutcheon,1,512.0000
1093,1093,"VH1's ""100 Greatest Artists of Hard Rock""",100 Greatest Artists of Hard Rock,0,513.0000
1094,1094,"Nebula Award, Philip K. Dick Award, Hugo Award","Nebula Award, the Philip K. Dick Award, and the Hugo Award",0,514.0000
1095,1095,I.O.U.S.A.,I.O.U.S.A.,1,514.0000
1096,1096,"Dorothy Tangney, Bronwyn Bishop",Kathryn Jean Martin,0,515.0000
1097,1097,Yes,yes,1,515.0000
1098,1098,Yes,yes,1,515.0000
1099,1099,Joel Embiid,The Process,0,516.0000
1100,1100,Game of Thrones,Game of Thrones,1,516.0000
1101,1101,"35,124","35,124",1,516.0000
1102,1102,2003,in 1896,0,517.0000
1103,1103,Boyd Gaming,Boyd Gaming,1,517.0000
1104,1104,"The Pale, the anglicized part of Ireland.",the east of Ireland,0,518.0000
1105,1105,Massive Entertainment,Massive Entertainment,1,518.0000
1106,1106,Walt Disney Productions,Disney,0,519.0000
1107,1107,Oregon Ducks,Oregon Ducks football,0,520.0000
1108,1108,town meeting legislative body,town meeting legislative body,1,520.0000
1109,1109,Vib Gyor,"Vib Gyor was a band that was formed in Leeds, England.",0,521.0000
1110,1110,Start,IK Start,0,522.0000
1111,1111,Viscount Cranborne,Viscount Cranborne,1,522.0000
1112,1112,No,no,1,522.0000
1113,1113,Las Vegas,Las Vegas,1,522.0000
1114,1114,New Orleans,Louisiana.,0,523.0000
1115,1115,University of Vienna,University of Vienna,1,523.0000
1116,1116,Paleo-Indians,Paleo-Indians,1,523.0000
1117,1117,22 November 1761,22 November,0,524.0000
1118,1118,No,no,1,524.0000
1119,1119,James Franco,James Franco,1,524.0000
1120,1120,Alexander Porfiryevich Borodin,Alexander Porfiryevich Borodin,1,524.0000
1121,1121,Film critic,author,0,525.0000
1122,1122,No,no,1,525.0000
1123,1123,Dana Fox,Dana Fox,1,525.0000
1124,1124,The Staten Island Catapult,"Frida, en trotjänarinna",0,526.0000
1125,1125,Jordan Peele and Alex Rubens,Jordan Peele,0,527.0000
1126,1126,WAMC Public Radio,WAMC,0,528.0000
1127,1127,William Bonfield,Alistair Grant,0,529.0000
1128,1128,genus,genus,1,529.0000
1129,1129,"Lowe's Companies, Inc.",Lowe's,0,530.0000
1130,1130,Mean Girls,Mean Girls,1,530.0000
1131,1131,Monica Lewinsky,Monica Lewinsky,1,530.0000
1132,1132,New York,New York,1,530.0000
1133,1133,No,yes,0,531.0000
1134,1134,James G. Kiernan,James G. Kiernan,1,531.0000
1135,1135,TVB Jade,Dragon TV,0,532.0000
1136,1136,Hamburgers,hamburgers,1,532.0000
1137,1137,"Dan Lin, Roy Lee, Phil Lord, Christopher Miller","Dan Lin, Roy Lee, Phil Lord and Christopher Miller",0,533.0000
1138,1138,Grays Athletic,Chelmsford,0,534.0000
1139,1139,Sigmund Freud,Sigmund Freud,1,534.0000
1140,1140,media for the 65.8 million,media for the 65.8 million,1,534.0000
1141,1141,1909,1909,1,534.0000
1142,1142,1970s and early 1980s,1970s,0,535.0000
1143,1143,1755 or 1757,"January 11, 1755 or 1757July",0,536.0000
1144,1144,Crackle,Crackle,1,536.0000
1145,1145,House of Windsor,Mountbatten family,0,537.0000
1146,1146,Shep Meyers,Shep Meyers,1,537.0000
1147,1147,1988,1988,1,537.0000
1148,1148,Continental Army,Continental Army,1,537.0000
1149,1149,James Tinling,James Tinling,1,537.0000
1150,1150,Defensive Coordinator,defensive coordinator,1,537.0000
1151,1151,No,no,1,537.0000
1152,1152,Stoner rock,rock,0,538.0000
1153,1153,Birmingham,"Birmingham, Alabama",0,539.0000
1154,1154,number one on the Alternative Songs chart,number 5,0,540.0000
1155,1155,"Max Martin, Savan Kotecha, Ilya Salmanzadeh","Max Martin, Savan Kotecha and Ilya Salmanzadeh",0,541.0000
1156,1156,No,Drunter und Drüber is a multiplayer board game invented by Klaus Teuber,0,542.0000
1157,1157,Darkroom,Darkroom,1,542.0000
1158,1158,"Nicol Williamson, John Gielgud",John Gielgud,0,543.0000
1159,1159,American,American,1,543.0000
1160,1160,The Late Late Show,The Late Late Show,1,543.0000
1161,1161,Comeng,Comeng and Clyde Engineering,0,544.0000
1162,1162,2014,2014,1,544.0000
1163,1163,SBS,SBS,1,544.0000
1164,1164,Manchester United,Premier League club Manchester United and the England national team,0,545.0000
1165,1165,MrJims.Pizza,Bearno's Pizza,0,546.0000
1166,1166,Serri,Serri,1,546.0000
1167,1167,25,25 laps,0,547.0000
1168,1168,Cuban,Cuban,1,547.0000
1169,1169,NBC,National Broadcasting Company,0,548.0000
1170,1170,SKUM,SKUM,1,548.0000
1171,1171,Randy Cunningham,Duke Cunningham,0,549.0000
1172,1172,BraveStarr,BraveStarr,1,549.0000
1173,1173,400 MW,400 MW,1,549.0000
1174,1174,Best Alternative Music Album,Best Alternative Music Album,1,549.0000
1175,1175,"Katherine Waterston played Chrisann Brennan in the 2015 film ""Steve Jobs.""",Steve Jobs,0,550.0000
1176,1176,Motörhead,Motörhead,1,550.0000
1177,1177,2,Over forty,0,551.0000
1178,1178,Eddie,Charlie Murphy,0,552.0000
1179,1179,Dirt track racing,Dirt track racing,1,552.0000
1180,1180,Reggie Jackson,"Reginald Martinez ""Reggie"" Jackson",0,553.0000
1181,1181,Reichsführer-SS,Reichsführer-SS,1,553.0000
1182,1182,Hermione Baddeley,Hermione Baddeley,1,553.0000
1183,1183,Kannada,Hindi,0,554.0000
1184,1184,Scott Carson,Scott Paul Carson,0,555.0000
1185,1185,Dublin,Dublin,1,555.0000
1186,1186,Bristol Olympus,British Bristol Olympus turbojet,0,556.0000
1187,1187,Bea Arthur,Bea Arthur,1,556.0000
1188,1188,Masatoshi Gündüz Ikeda,Abū Bakr ibn Muḥammad ibn al Ḥusayn al-Karajī,0,557.0000
1189,1189,Douglas Jackson,Douglas Jackson,1,557.0000
1190,1190,Rural Orissa,Orissa,0,558.0000
1191,1191,Tim Whelan,Tim Whelan,1,558.0000
1192,1192,Thorgan Hazard,Thorgan Ganael Francis Hazard,0,559.0000
1193,1193,1963,1963,1,559.0000
1194,1194,Forbes,"Forbes in the Central West region of New South Wales, Australia",0,560.0000
1195,1195,Larry Drake,Larry Richard Drake,0,561.0000
1196,1196,"Rear Adm. J. Edward Snyder, USN (Ret.)",Rear Adm. J. Edward Snyder,0,562.0000
1197,1197,Nobel Prize in Physics,Nobel Prize,0,563.0000
1198,1198,No value premium exists,The Vanguard Group,0,564.0000
1199,1199,Matthew Vaughn,Matthew Vaughn,1,564.0000
1200,1200,Cold Spring Historic District,Valhalla Highlands Historic District,0,565.0000
1201,1201,The Country Bears,The Country Bears,1,565.0000
1202,1202,Alan Young,Alan Young,1,565.0000
1203,1203,"September 30, 2009","September 30, 2009",1,565.0000
1204,1204,1907,1907,1,565.0000
1205,1205,No,no,1,565.0000
1206,1206,1959,1959,1,565.0000
1207,1207,In Pursuit,In Pursuit,1,565.0000
1208,1208,LBK,Operation Neptune,0,566.0000
1209,1209,My Beautiful Dark Twisted Fantasy,My Beautiful Dark Twisted Fantasy,1,566.0000
1210,1210,Nicholas Civella's Kansas City crime family,Kansas City crime family,0,567.0000
1211,1211,Montreal,Montreal,1,567.0000
1212,1212,Robert Erskine Childers,Robert Erskine Childers DSC,0,568.0000
1213,1213,Ravalli,"Ravalli County, Montana",0,569.0000
1214,1214,North Atlantic Conference,the North Atlantic Conference,1,569.0000
1215,1215,The Future,The Future,1,569.0000
1216,1216,Leonberger,The Leonberger is a giant dog breed.,0,570.0000
1217,1217,Tromeo and Juliet,Tromeo and Juliet,1,570.0000
1218,1218,No specific character or role is mentioned as being based on another character or role in the provided context.,"the Hanna-Barbera show ""Birdman and the Galaxy Trio.""",0,571.0000
1219,1219,Indianapolis Motor Speedway,Indianapolis Motor Speedway,1,571.0000
1220,1220,Argentine,Argentinian,0,572.0000
1221,1221,Sam the Sham,"Domingo ""Sam"" Samudio",0,573.0000
1222,1222,Mercer County,Bergen,0,574.0000
1223,1223,"September 25, 2015","October 16, 2015",0,575.0000
1224,1224,Los Angeles Dance Theater,The Los Angeles Dance Theater,1,575.0000
1225,1225,McG,McG,1,575.0000
1226,1226,Giotto,Giotto,1,575.0000
1227,1227,Ibn Arabi,ibnʿArabī,0,576.0000
1228,1228,Yes,no,0,577.0000
1229,1229,Elephant's back portion used in temple architecture,Sanskrit,0,578.0000
1230,1230,Beauty and the Beast,Beauty and the Beast,1,578.0000
1231,1231,Tennis,tennis,1,578.0000
1232,1232,No,yes,0,579.0000
1233,1233,Taylor Swift,Taylor Swift,1,579.0000
1234,1234,The Cosmopolitan of Las Vegas,Cosmopolitan of Las Vegas,1,579.0000
1235,1235,Eva Ibbotson,Eva Ibbotson,1,579.0000
1236,1236,8 km,8 km,1,579.0000
1237,1237,Yes,yes,1,579.0000
1238,1238,Montejo v. Louisiana,Montejo v. Louisiana,1,579.0000
1239,1239,Panther,The Panther,1,579.0000
1240,1240,Melanie Amaro,Leona Lewis,0,580.0000
1241,1241,C. W. Grafton,C. W. Grafton,1,580.0000
1242,1242,Janet Jackson,Janet Damita Jo Jackson,0,581.0000
1243,1243,Alan Turing,Alan Mathison Turing,0,582.0000
1244,1244,1869,11 November 1869,0,583.0000
1245,1245,Journalist,journalist,1,583.0000
1246,1246,Film direction,director,0,584.0000
1247,1247,MiMA,MiMA,1,584.0000
1248,1248,Circus Circus Las Vegas,Excalibur Hotel and Casino,0,585.0000
1249,1249,Imagine,John Lennon/Plastic Ono Band,0,586.0000
1250,1250,Jeremy Renner,Jeremy Renner,1,586.0000
1251,1251,Calgary,"Calgary, Alberta",0,587.0000
1252,1252,Nobel Prize,Nobel Prize in Literature,0,588.0000
1253,1253,Major Ployer Peter Hill,B-17 Flying Fortress bomber,0,589.0000
1254,1254,Shut Up,Shut Up,1,589.0000
1255,1255,2002,2002,1,589.0000
1256,1256,October 2012,"season six, episode 5, ""Invasion""",0,590.0000
1257,1257,The 2017 US Open was the 137th edition of tennis' US Open when Petra Kvitova was a quarterfinalist.,137th,0,591.0000
1258,1258,Brett Scallions,Brett Allen Scallions,0,592.0000
1259,1259,Key West,Key West,1,592.0000
1260,1260,American Music Club,Lawson,0,593.0000
1261,1261,Lord Chancellor,Lord Chancellor of England,0,594.0000
1262,1262,Kenny Young,Kenny Young,1,594.0000
1263,1263,fifteenth season,"""The Simpsons""' thirteenth season",0,595.0000
1264,1264,500 meters,500 metres,0,596.0000
1265,1265,Mississippi State,Campbellsville University,0,597.0000
1266,1266,New York City,modern-day New York City,0,598.0000
1267,1267,No,yes,0,599.0000
1268,1268,Stanislavsky's most brilliant student,his most brilliant student,0,600.0000
1269,1269,Milk,Pineapple Express,0,601.0000
1270,1270,Oklahoma,Oklahoma,1,601.0000
1271,1271,Las Vegas,Summerlin,0,602.0000
1272,1272,10 July 1873,1 September 1864,0,603.0000
1273,1273,The Spiderwick Chronicles,The Spiderwick Chronicles,1,603.0000
1274,1274,Hindi,Hindi,1,603.0000
1275,1275,Lucas Grabeel,Lucas Stephen Grabeel,0,604.0000
1276,1276,Pharmaceutical companies,Prescription Drug User Fee Act,0,605.0000
1277,1277,Balaji Baji Rao,"""Peshwa"" (Prime Minister)",0,606.0000
1278,1278,75,75 mi,0,607.0000
1279,1279,The Catcher in the Rye,The Catcher in the Rye,1,607.0000
1280,1280,Icehouse pieces,Icehouse pieces,1,607.0000
1281,1281,Chattahoochee,"""We'll Burn That Bridge""",0,608.0000
1282,1282,Governor,a governor,1,608.0000
1283,1283,Maurice Costello,Dylan O'Brien,0,609.0000
1284,1284,"June 24, 1935","June 24, 1935",1,609.0000
1285,1285,Adam Dawes,Adam Dawes,1,609.0000
1286,1286,World War II,World War II,1,609.0000
1287,1287,Conservative,British Conservative Party,0,610.0000
1288,1288,Clive Staples Lewis,Clive Staples Lewis,1,610.0000
1289,1289,"September 25, 2017","September 25, 2017",1,610.0000
1290,1290,Voices of Iraq,Voices of Iraq,1,610.0000
1291,1291,Tatton Park,Tatton Park,1,610.0000
1292,1292,No,no,1,610.0000
1293,1293,Royal Navy,Royal Navy,1,610.0000
1294,1294,Tampa Bay Lightning,Tampa Bay Lightning,1,610.0000
1295,1295,Yes,no,0,611.0000
1296,1296,Fairfax County,Fairfax County,1,611.0000
1297,1297,Speaker of the House,former Speaker of the U.S. House of Representatives,0,612.0000
1298,1298,Crataegus pinnatifida,tomato,0,613.0000
1299,1299,Gateways,Gateways,1,613.0000
1300,1300,Buddha's delight,Buddha's delight,1,613.0000
1301,1301,Big Machine Records,Big Machine Records,1,613.0000
1302,1302,Nicole Kidman,Nicole Kidman,1,613.0000
1303,1303,A scholar during the Joseon Dynasty who begins to write erotic novels,a scholar,0,614.0000
1304,1304,Yes,yes,1,614.0000
1305,1305,Double Crossed,Double Crossed,1,614.0000
1306,1306,Terry Gilliam,Terry Gilliam,1,614.0000
1307,1307,2011,2011,1,614.0000
1308,1308,Dresden,Battle of Dresden,0,615.0000
1309,1309,Northumbrian,Northumbrian,1,615.0000
1310,1310,super-regional shopping mall,super-regional shopping mall,1,615.0000
1311,1311,Yaadon Ki Baaraat,Tariq Khan,0,616.0000
1312,1312,The Ninth Gate,The Ninth Gate,1,616.0000
1313,1313,2nd Armored Division,2nd Armored Division,1,616.0000
1314,1314,Texas Highways,Texas Highways,1,616.0000
1315,1315,Raabta,Agent Vinod,0,617.0000
1316,1316,The Highwayman,Highwayman,1,617.0000
1317,1317,Columbus,Columbus,1,617.0000
1318,1318,Hudson Bay Mining and Smelting Company,Hudson Bay Mining and Smelting Company,1,617.0000
1319,1319,1895,1895,1,617.0000
1320,1320,"October 17, 2017","October 17, 2017",1,617.0000
1321,1321,USS Essex (CV-9),USS Essex,0,618.0000
1322,1322,A united Ireland,united Ireland,1,618.0000
1323,1323,1997,since 2007,0,619.0000
1324,1324,Reinis Sējāns,Jānis Strazdiņš,0,620.0000
1325,1325,Sir Frank P. Lowy,Frank Lowy,0,621.0000
1326,1326,supernatural psychological horror,American supernatural psychological horror film,0,622.0000
1327,1327,a homeward bounder,sailor,0,623.0000
1328,1328,Charles Hastings Judd,Colonel Charles Hastings Judd,0,624.0000
1329,1329,every aspect of public and private life,every aspect of public and private life,1,624.0000
1330,1330,Magdalen College,Magdalen College,1,624.0000
1331,1331,Stedelijk Museum Amsterdam,Stedelijk Museum Amsterdam,1,624.0000
1332,1332,1974,1974,1,624.0000
1333,1333,Mount Everest,Mount Everest,1,624.0000
1334,1334,1994,1994,1,624.0000
1335,1335,Italian Alps,Lombardy,0,625.0000
1336,1336,Keith Urban,Ryan Seacrest,0,626.0000
1337,1337,CBS,CBS,1,626.0000
1338,1338,1984 South Asian Games,1984 South Asian Games,1,626.0000
1339,1339,Animated,Animation,0,627.0000
1340,1340,Christopher,Ann,0,628.0000
1341,1341,Phil Collins,Phil Collins,1,628.0000
1342,1342,Chuck E. Cheese's,Chuck E. Cheese's,1,628.0000
1343,1343,"Boston, Providence, Hartford, New York City, Philadelphia, Wilmington, Baltimore, and Washington, D.C.","Boston, Providence, Hartford, New York City, Philadelphia, Wilmington, Baltimore, and Washington, D.C.",1,628.0000
1344,1344,Ian McEwan,Langston Hughes,0,629.0000
1345,1345,The View,the fourth hour of the TODAY Show,0,630.0000
1346,1346,2006,2006 season,0,631.0000
1347,1347,"Montreal, Quebec",Montreal,0,632.0000
1348,1348,Tamzin Outhwaite,Tamzin Outhwaite,1,632.0000
1349,1349,Clinton,Clinton,1,632.0000
1350,1350,documentary,documentary,1,632.0000
1351,1351,"Wilmette, Illinois",Wilmette,0,633.0000
1352,1352,Yes,no,0,634.0000
1353,1353,Beijing Dance Academy,Beijing Dance Academy,1,634.0000
1354,1354,Where Sinners Meet,Revengers Tragedy,0,635.0000
1355,1355,Enterprise Rent-A-Car,Budget Rent a Car,0,636.0000
1356,1356,Traverse City,"143,372",0,637.0000
1357,1357,Euripides,Euripides,1,637.0000
1358,1358,Charles Nungesser,Charles Eugène,0,638.0000
1359,1359,Cambridge University,Cambridge University,1,638.0000
1360,1360,Wikimedia Foundation,Wikimedia Foundation,1,638.0000
1361,1361,Vice President,President of the United States,0,639.0000
1362,1362,Ballarat Bitter,Ballarat Bitter is a 4.9% (abv) Australian beer,0,640.0000
1363,1363,Shane Meadows,directed by Shane Meadows,0,641.0000
1364,1364,American,Irish,0,642.0000
1365,1365,The Itchy & Scratchy Show,The Itchy & Scratchy Show,1,642.0000
1366,1366,Graduados,Graduados,1,642.0000
1367,1367,Bob Seger,Bob Seger,1,642.0000
1368,1368,2007 BCS National Championship Game,2004 Nokia Sugar Bowl,0,643.0000
1369,1369,McLean,"McLean, Virginia",0,644.0000
1370,1370,Daisy Chainsaw,Daisy Chainsaw,1,644.0000
1371,1371,Weekly Shonen Jump,Rolling Stone,0,645.0000
1372,1372,Sex Drive,Sex Drive,1,645.0000
1373,1373,Donald John Trump Jr.,Donald Trump Jr.,0,646.0000
1374,1374,No,no,1,646.0000
1375,1375,"Leslie James ""Les"" Clark",Ub Iwerks,0,647.0000
1376,1376,Private,private,1,647.0000
1377,1377,Todd Phillips,Todd Phillips,1,647.0000
1378,1378,1918,1887,0,648.0000
1379,1379,"Hoffman Estates, Illinois, United States","Hoffman Estates, Illinois",0,649.0000
1380,1380,United States of America,The United States of America,1,649.0000
1381,1381,Wiz Khalifa,Wiz Khalifa,1,649.0000
1382,1382,Randy Orton,Randy Orton,1,649.0000
1383,1383,George Raft,George Raft,1,649.0000
1384,1384,Don S. Davis,Don S. Davis,1,649.0000
1385,1385,Emad Hashim,Emad Hashim,1,649.0000
1386,1386,Harper's Bazaar,Harper's Bazaar,1,649.0000
1387,1387,Monticello,Monticello,1,649.0000
1388,1388,Scott Edward Adkins,Scott Adkins,0,650.0000
1389,1389,Mastered recordings,mastered recordings,1,650.0000
1390,1390,New York City,New York City,1,650.0000
1391,1391,"76,416","76,416",1,650.0000
1392,1392,1599,1599,1,650.0000
1393,1393,Yes,no,0,651.0000
1394,1394,Yes,yes,1,651.0000
1395,1395,1943,1943,1,651.0000
1396,1396,"September 14, 1933",last seen in 1933,0,652.0000
1397,1397,Mixed Martial Arts,mixed martial arts,1,652.0000
1398,1398,YG Entertainment,YG Entertainment,1,652.0000
1399,1399,Patterns of Sexual Behavior,Patterns of Sexual Behavior,1,652.0000
1400,1400,Melbourne,"Melbourne, Australia",0,653.0000
1401,1401,Ringo Starr,Ringo Starr,1,653.0000
1402,1402,Saint,saint,1,653.0000
1403,1403,Musician,musician,1,653.0000
1404,1404,Azeroth,Azeroth,1,653.0000
1405,1405,Yes,yes,1,653.0000
1406,1406,Shakespeare performances,Shakespeare performances,1,653.0000
1407,1407,University of Texas at Austin,University of Texas at Austin,1,653.0000
1408,1408,writer,writer,1,653.0000
1409,1409,All Nippon Airways,All Nippon,0,654.0000
1410,1410,Hirsch index rating,Hirsch index rating,1,654.0000
1411,1411,early 20s,early 20s,1,654.0000
1412,1412,Over 281,281,0,655.0000
1413,1413,Albanian political party,Albanian political party in Montenegro,0,656.0000
1414,1414,"blood, platelets, and plasma","blood, platelets, and plasma",1,656.0000
1415,1415,No,no,1,656.0000
1416,1416,Dundee Canal,Dundee Canal,1,656.0000
1417,1417,John R. Sheehy,Ed Lee,0,657.0000
1418,1418,Spring city,Spring city,1,657.0000
1419,1419,Christianity Today,evangelical Christian periodical,0,658.0000
1420,1420,Venice,Venice,1,658.0000
1421,1421,Father Dougal McGuire,Father Dougal McGuire,1,658.0000
1422,1422,2009,2009,1,658.0000
1423,1423,Scottish Premiership club Hibernian,Scottish Premiership club Hibernian,1,658.0000
1424,1424,20,20 assists,0,659.0000
1425,1425,Charmed,Charmed,1,659.0000
1426,1426,The Longest Yard,The Longest Yard,1,659.0000
1427,1427,Magnus Carlsen,Sven Magnus,0,660.0000
1428,1428,Shanghai,Shanghai,1,660.0000
1429,1429,Windigo,Wendigo,0,661.0000
1430,1430,8th century,between the 8th and 16th centuries,0,662.0000
1431,1431,2016,2016,1,662.0000
1432,1432,U.S. Representative,United States Senator,0,663.0000
1433,1433,Go Ara,Jung Yun-ho,0,664.0000
1434,1434,"December 18, 1831","January 18, 1813",0,665.0000
1435,1435,1950,1950,1,665.0000
1436,1436,6,250,0,666.0000
1437,1437,Tennis,former tennis player,0,667.0000
1438,1438,821,821,1,667.0000
1439,1439,No,no,1,667.0000
1440,1440,June 1925,June 1925,1,667.0000
1441,1441,Bryan White,Bryan Shelton White,0,668.0000
1442,1442,1962,1962,1,668.0000
1443,1443,Wichita,Wichita,1,668.0000
1444,1444,Carnatic,Carnatic music,0,669.0000
1445,1445,American teenager,superhero roles as the Marvel Comics,0,670.0000
1446,1446,Am Rong,Am Rong,1,670.0000
1447,1447,Macaronesia,Macaronesia,1,670.0000
1448,1448,Mississippi University for Women v. Hogan,Mississippi University for Women,0,671.0000
1449,1449,high school diploma or GED,high school diploma or GED,1,671.0000
1450,1450,Michael Crawford,Michael Patrick Smith,0,672.0000
1451,1451,13–3,a record of 13–3,0,673.0000
1452,1452,approximately 650 locations,650 locations,0,674.0000
1453,1453,"one of Lithuania's most talented actors, both in comedy and drama.",one of Lithuania's most talented actors,0,675.0000
1454,1454,Bourbon County,Bourbon County,1,675.0000
1455,1455,"Johann Sebastian Bach, Karlheinz Stockhausen, Terry Riley, Philip Glass and Moondog",hardcore,0,676.0000
1456,1456,712 Fifth Avenue,712 5th Avenue,0,677.0000
1457,1457,Aleksandr Ivanovsky,Aleksandr Ivanovsky,1,677.0000
1458,1458,Nikhil Banerjee,Nikhil Banerjee,1,677.0000
1459,1459,Remix,Remix,1,677.0000
1460,1460,Orson Welles,Orson Welles,1,677.0000
1461,1461,Oldham County,Oldham County,1,677.0000
1462,1462,MGM Grand fire,Dupont Plaza Hotel,0,678.0000
1463,1463,Motion City Soundtrack,Motion City Soundtrack,1,678.0000
1464,1464,Otto von Bismarck,Otto Eduard Leopold,0,679.0000
1465,1465,Marmakhel Tribe,grand assembly,0,680.0000
1466,1466,Phil Rosen,Delmer Lawrence Daves,0,681.0000
1467,1467,Martha Wainwright,Gary Lightbody,0,682.0000
1468,1468,Wyandot,Odawa,0,683.0000
1469,1469,Louisville RiverBats,Louisville RiverBats,1,683.0000
1470,1470,Peterhouse,The Dragon School in Oxford,0,684.0000
1471,1471,Lord Dunmore,Royal Governor Lord Dunmore,0,685.0000
1472,1472,Thomas Mann,Paul Thomas Mann,0,686.0000
1473,1473,Konstantin Vakulovsky,Social Code,0,687.0000
1474,1474,"Bury St Edmunds, Suffolk, England","Bury St Edmunds,",0,688.0000
1475,1475,No,no,1,688.0000
1476,1476,Louis XIV,Louis XIV,1,688.0000
1477,1477,William Shakespeare,William Shakespeare,1,688.0000
1478,1478,Yes,yes,1,688.0000
1479,1479,Letters to Cleo,Letters to Cleo,1,688.0000
1480,1480,Paracycling,paracyclist,0,689.0000
1481,1481,29,29,1,689.0000
1482,1482,Aqua,Aqua,1,689.0000
1483,1483,George Harrison,George Harrison,1,689.0000
1484,1484,English Electric Canberra,English Electric Canberra,1,689.0000
1485,1485,1999,2003,0,690.0000
1486,1486,Bigg Boss 10,the tenth season,0,691.0000
1487,1487,"Mumbai, Maharashtra",Mumbai,0,692.0000
1488,1488,Seldom Jackson,Seldom Jackson,1,692.0000
1489,1489,More than 20,20,0,693.0000
1490,1490,National Society of Daughters of the American Revolution,the National Society of Daughters of the American Revolution,1,693.0000
1491,1491,State Street,State Street,1,693.0000
1492,1492,HBO World Championship Boxing,HBO World Championship Boxing,1,693.0000
1493,1493,Oklahoma City,Oklahoma City,1,693.0000
1494,1494,Adorable,Adorable,1,693.0000
1495,1495,Transnational Boxing Rankings Board,"""The Ring"" magazine",0,694.0000
1496,1496,Stacey Kent,Stacey Kent,1,694.0000
1497,1497,Roberta Vinci,Roberta Vinci,1,694.0000
1498,1498,Robert Digges Wimberly Connor,Robert Digges Wimberly Connor,1,694.0000
1499,1499,340,"1,925 yards",0,695.0000
